"peak_number","unique_id","name","formula","annot_source_predicted_compositions","annot_source_mz_cloud_search","annot_source_mass_list_search","annot_delta_mass_ppm","calc_mw","m_z","rt_min","area_max","number_mz_cloud_results","mz_cloud_best_match","mz_cloud_best_match_confidence","ms2","reference_ion","sample","group_area","peak_rating","replicate","sample_location","mass_list_name","mass_list_match"
3297,"(3E)-3-(3-Oxo-1,3-dihydro-2H-indol-2-ylidene)-1,3-dihydro-2H-indol-2-one_BTM03005_10.755","(3E)-3-(3-Oxo-1,3-dihydro-2H-indol-2-ylidene)-1,3-dihydro-2H-indol-2-one_BTM03005","C16 H10 N2 O3","Not the top hit","Invalid mass","Full match",0.23,278.06921,279.07648,10.755,12383917.7982753,10,82.4,65.1,"DDA for preferred ion","[M+H]+1","1_feedpump_a",9105388.04348497,5.5,"1","feedpump","itn_cyp_metabolites","Multiple matches found"
3297,"(3E)-3-(3-Oxo-1,3-dihydro-2H-indol-2-ylidene)-1,3-dihydro-2H-indol-2-one_BTM03005_10.755","(3E)-3-(3-Oxo-1,3-dihydro-2H-indol-2-ylidene)-1,3-dihydro-2H-indol-2-one_BTM03005","C16 H10 N2 O3","Not the top hit","Invalid mass","Full match",0.23,278.06921,279.07648,10.755,12383917.7982753,10,82.4,65.1,"DDA for preferred ion","[M+H]+1","2_feedpump_b",12383917.7982753,6.6,"2","feedpump","itn_cyp_metabolites","Multiple matches found"
3297,"(3E)-3-(3-Oxo-1,3-dihydro-2H-indol-2-ylidene)-1,3-dihydro-2H-indol-2-one_BTM03005_10.755","(3E)-3-(3-Oxo-1,3-dihydro-2H-indol-2-ylidene)-1,3-dihydro-2H-indol-2-one_BTM03005","C16 H10 N2 O3","Not the top hit","Invalid mass","Full match",0.23,278.06921,279.07648,10.755,12383917.7982753,10,82.4,65.1,"DDA for preferred ion","[M+H]+1","3_feedpump_c",11066009.349282,5.5,"3","feedpump","itn_cyp_metabolites","Multiple matches found"
3140,"4'-Deoxycirramycin�A1_BTM02228_15.423","4'-Deoxycirramycin�A1_BTM02228","C29 H44 O10","No match","No results","Full match",1.22,552.29412,553.3014,15.423,13384870.0675135,0,NA,NA,"DDA for preferred ion","[M+H]+1","10_olddry_a",13384870.0675135,6.1,"1","olddry","itn_cyp_metabolites","Single match found"
3140,"4'-Deoxycirramycin�A1_BTM02228_15.423","4'-Deoxycirramycin�A1_BTM02228","C29 H44 O10","No match","No results","Full match",1.22,552.29412,553.3014,15.423,13384870.0675135,0,NA,NA,"DDA for preferred ion","[M+H]+1","11_olddry_b",11063760.6729153,6.6,"2","olddry","itn_cyp_metabolites","Single match found"
2422,"6-Allyl-o-cresol_18.702","6-Allyl-o-cresol","C10 H12 O","Full match","Partial match","Full match",0.26,148.08885,149.09613,18.702,19742721.2301305,5,87.9,80.9,"DDA for preferred ion","[M+H]+1","13_digester1a",11978972.9115991,5.5,"1","digesterA","itn_cyp_metabolites","Single match found"
2422,"6-Allyl-o-cresol_18.702","6-Allyl-o-cresol","C10 H12 O","Full match","Partial match","Full match",0.26,148.08885,149.09613,18.702,19742721.2301305,5,87.9,80.9,"DDA for preferred ion","[M+H]+1","14_digester1b",12397124.6472617,6.6,"2","digesterA","itn_cyp_metabolites","Single match found"
2422,"6-Allyl-o-cresol_18.702","6-Allyl-o-cresol","C10 H12 O","Full match","Partial match","Full match",0.26,148.08885,149.09613,18.702,19742721.2301305,5,87.9,80.9,"DDA for preferred ion","[M+H]+1","15_digester2a",10763919.0699017,6.1,"1","digesterB","itn_cyp_metabolites","Single match found"
2422,"6-Allyl-o-cresol_18.702","6-Allyl-o-cresol","C10 H12 O","Full match","Partial match","Full match",0.26,148.08885,149.09613,18.702,19742721.2301305,5,87.9,80.9,"DDA for preferred ion","[M+H]+1","16_digester2b",6873534.55084456,5.8,"2","digesterB","itn_cyp_metabolites","Single match found"
2422,"6-Allyl-o-cresol_18.702","6-Allyl-o-cresol","C10 H12 O","Full match","Partial match","Full match",0.26,148.08885,149.09613,18.702,19742721.2301305,5,87.9,80.9,"DDA for preferred ion","[M+H]+1","10_olddry_a",1693626.24317596,8.7,"1","olddry","itn_cyp_metabolites","Single match found"
2422,"6-Allyl-o-cresol_18.702","6-Allyl-o-cresol","C10 H12 O","Full match","Partial match","Full match",0.26,148.08885,149.09613,18.702,19742721.2301305,5,87.9,80.9,"DDA for preferred ion","[M+H]+1","11_olddry_b",1778707.95164374,8.7,"2","olddry","itn_cyp_metabolites","Single match found"
1489,"Agroclavine_BTM03062_18.235","Agroclavine_BTM03062","C16 H18 N2 O","Full match","Invalid mass","Full match",-0.08,254.14189,255.14917,18.235,36287541.9476302,2,77.1,73,"DDA for preferred ion","[M+H]+1","17_digester3a",36287541.9476302,5.1,"1","digesterC","itn_cyp_metabolites","Multiple matches found"
1489,"Agroclavine_BTM03062_18.235","Agroclavine_BTM03062","C16 H18 N2 O","Full match","Invalid mass","Full match",-0.08,254.14189,255.14917,18.235,36287541.9476302,2,77.1,73,"DDA for preferred ion","[M+H]+1","18_digester3b",22285921.6273009,6.4,"2","digesterC","itn_cyp_metabolites","Multiple matches found"
2595,"Agroclavine_BTM03062_18.588","Agroclavine_BTM03062","C16 H18 N2 O","Full match","Invalid mass","Full match",-0.13,254.14188,255.14916,18.588,18028515.6110861,2,77.7,8.9,"DDA for preferred ion","[M+H]+1","8_newdry_b",1628024.11495444,6.5,"2","newdry","itn_cyp_metabolites","Multiple matches found"
2595,"Agroclavine_BTM03062_18.588","Agroclavine_BTM03062","C16 H18 N2 O","Full match","Invalid mass","Full match",-0.13,254.14188,255.14916,18.588,18028515.6110861,2,77.7,8.9,"DDA for preferred ion","[M+H]+1","9_newdry_c",18028515.6110861,8,"3","newdry","itn_cyp_metabolites","Multiple matches found"
1589,"Agroclavine_BTM03062_19.686","Agroclavine_BTM03062","C16 H18 N2 O","Full match","Invalid mass","Full match",-0.15,254.14187,255.14915,19.686,33772690.561808,2,75.6,8.8,"DDA for preferred ion","[M+H]+1","13_digester1a",33772690.561808,5.7,"1","digesterA","itn_cyp_metabolites","Multiple matches found"
1589,"Agroclavine_BTM03062_19.686","Agroclavine_BTM03062","C16 H18 N2 O","Full match","Invalid mass","Full match",-0.15,254.14187,255.14915,19.686,33772690.561808,2,75.6,8.8,"DDA for preferred ion","[M+H]+1","14_digester1b",22706011.2704181,9.1,"2","digesterA","itn_cyp_metabolites","Multiple matches found"
2131,"Benzylsulfanilamide_BTM04684_19.985","Benzylsulfanilamide_BTM04684","C7 H6 O","Full match","No results","Full match",1.44,106.04202,107.04929,19.985,23250823.5546394,0,NA,NA,"DDA for preferred ion","[M+H]+1","15_digester2a",6563029.13874758,5.2,"1","digesterB","itn_cyp_metabolites","Single match found"
2131,"Benzylsulfanilamide_BTM04684_19.985","Benzylsulfanilamide_BTM04684","C7 H6 O","Full match","No results","Full match",1.44,106.04202,107.04929,19.985,23250823.5546394,0,NA,NA,"DDA for preferred ion","[M+H]+1","16_digester2b",5930990.20874067,5.8,"2","digesterB","itn_cyp_metabolites","Single match found"
1051,"Benzylsulfanilamide_BTM04684_20.91","Benzylsulfanilamide_BTM04684","C7 H6 O","Full match","No results","Full match",1.29,106.042,107.04928,20.91,52070424.0195566,0,NA,NA,"DDA for preferred ion","[M+H]+1","4_centrin_a",23111213.9518485,7,"1","centrin","itn_cyp_metabolites","Single match found"
1051,"Benzylsulfanilamide_BTM04684_20.91","Benzylsulfanilamide_BTM04684","C7 H6 O","Full match","No results","Full match",1.29,106.042,107.04928,20.91,52070424.0195566,0,NA,NA,"DDA for preferred ion","[M+H]+1","5_centrin_b",29269251.8448221,7.5,"2","centrin","itn_cyp_metabolites","Single match found"
1051,"Benzylsulfanilamide_BTM04684_20.91","Benzylsulfanilamide_BTM04684","C7 H6 O","Full match","No results","Full match",1.29,106.042,107.04928,20.91,52070424.0195566,0,NA,NA,"DDA for preferred ion","[M+H]+1","6_centrin_c",29955300.9775209,8,"3","centrin","itn_cyp_metabolites","Single match found"
1051,"Benzylsulfanilamide_BTM04684_20.91","Benzylsulfanilamide_BTM04684","C7 H6 O","Full match","No results","Full match",1.29,106.042,107.04928,20.91,52070424.0195566,0,NA,NA,"DDA for preferred ion","[M+H]+1","13_digester1a",22163796.2815251,7,"1","digesterA","itn_cyp_metabolites","Single match found"
1051,"Benzylsulfanilamide_BTM04684_20.91","Benzylsulfanilamide_BTM04684","C7 H6 O","Full match","No results","Full match",1.29,106.042,107.04928,20.91,52070424.0195566,0,NA,NA,"DDA for preferred ion","[M+H]+1","14_digester1b",25954574.164158,7,"2","digesterA","itn_cyp_metabolites","Single match found"
1051,"Benzylsulfanilamide_BTM04684_20.91","Benzylsulfanilamide_BTM04684","C7 H6 O","Full match","No results","Full match",1.29,106.042,107.04928,20.91,52070424.0195566,0,NA,NA,"DDA for preferred ion","[M+H]+1","15_digester2a",22469899.5848651,7,"1","digesterB","itn_cyp_metabolites","Single match found"
1051,"Benzylsulfanilamide_BTM04684_20.91","Benzylsulfanilamide_BTM04684","C7 H6 O","Full match","No results","Full match",1.29,106.042,107.04928,20.91,52070424.0195566,0,NA,NA,"DDA for preferred ion","[M+H]+1","16_digester2b",21434850.2792831,7,"2","digesterB","itn_cyp_metabolites","Single match found"
1051,"Benzylsulfanilamide_BTM04684_20.91","Benzylsulfanilamide_BTM04684","C7 H6 O","Full match","No results","Full match",1.29,106.042,107.04928,20.91,52070424.0195566,0,NA,NA,"DDA for preferred ion","[M+H]+1","17_digester3a",21175304.2266455,7,"1","digesterC","itn_cyp_metabolites","Single match found"
1051,"Benzylsulfanilamide_BTM04684_20.91","Benzylsulfanilamide_BTM04684","C7 H6 O","Full match","No results","Full match",1.29,106.042,107.04928,20.91,52070424.0195566,0,NA,NA,"DDA for preferred ion","[M+H]+1","18_digester3b",20264494.6852572,7,"2","digesterC","itn_cyp_metabolites","Single match found"
1051,"Benzylsulfanilamide_BTM04684_20.91","Benzylsulfanilamide_BTM04684","C7 H6 O","Full match","No results","Full match",1.29,106.042,107.04928,20.91,52070424.0195566,0,NA,NA,"DDA for preferred ion","[M+H]+1","19_digester4a",20464748.8429425,7,"1","digesterD","itn_cyp_metabolites","Single match found"
1051,"Benzylsulfanilamide_BTM04684_20.91","Benzylsulfanilamide_BTM04684","C7 H6 O","Full match","No results","Full match",1.29,106.042,107.04928,20.91,52070424.0195566,0,NA,NA,"DDA for preferred ion","[M+H]+1","20_digester4b",37394727.686998,7.3,"2","digesterD","itn_cyp_metabolites","Single match found"
1051,"Benzylsulfanilamide_BTM04684_20.91","Benzylsulfanilamide_BTM04684","C7 H6 O","Full match","No results","Full match",1.29,106.042,107.04928,20.91,52070424.0195566,0,NA,NA,"DDA for preferred ion","[M+H]+1","1_feedpump_a",41087788.7376079,7.8,"1","feedpump","itn_cyp_metabolites","Single match found"
1051,"Benzylsulfanilamide_BTM04684_20.91","Benzylsulfanilamide_BTM04684","C7 H6 O","Full match","No results","Full match",1.29,106.042,107.04928,20.91,52070424.0195566,0,NA,NA,"DDA for preferred ion","[M+H]+1","2_feedpump_b",52070424.0195566,7.3,"2","feedpump","itn_cyp_metabolites","Single match found"
1051,"Benzylsulfanilamide_BTM04684_20.91","Benzylsulfanilamide_BTM04684","C7 H6 O","Full match","No results","Full match",1.29,106.042,107.04928,20.91,52070424.0195566,0,NA,NA,"DDA for preferred ion","[M+H]+1","7_newdry_a",18786533.4763238,9.1,"1","newdry","itn_cyp_metabolites","Single match found"
1051,"Benzylsulfanilamide_BTM04684_20.91","Benzylsulfanilamide_BTM04684","C7 H6 O","Full match","No results","Full match",1.29,106.042,107.04928,20.91,52070424.0195566,0,NA,NA,"DDA for preferred ion","[M+H]+1","8_newdry_b",15967166.4221644,7,"2","newdry","itn_cyp_metabolites","Single match found"
1051,"Benzylsulfanilamide_BTM04684_20.91","Benzylsulfanilamide_BTM04684","C7 H6 O","Full match","No results","Full match",1.29,106.042,107.04928,20.91,52070424.0195566,0,NA,NA,"DDA for preferred ion","[M+H]+1","9_newdry_c",17216614.2945661,9.1,"3","newdry","itn_cyp_metabolites","Single match found"
1051,"Benzylsulfanilamide_BTM04684_20.91","Benzylsulfanilamide_BTM04684","C7 H6 O","Full match","No results","Full match",1.29,106.042,107.04928,20.91,52070424.0195566,0,NA,NA,"DDA for preferred ion","[M+H]+1","10_olddry_a",13470348.2129252,8.3,"1","olddry","itn_cyp_metabolites","Single match found"
1051,"Benzylsulfanilamide_BTM04684_20.91","Benzylsulfanilamide_BTM04684","C7 H6 O","Full match","No results","Full match",1.29,106.042,107.04928,20.91,52070424.0195566,0,NA,NA,"DDA for preferred ion","[M+H]+1","11_olddry_b",25262884.9877657,7.5,"2","olddry","itn_cyp_metabolites","Single match found"
1051,"Benzylsulfanilamide_BTM04684_20.91","Benzylsulfanilamide_BTM04684","C7 H6 O","Full match","No results","Full match",1.29,106.042,107.04928,20.91,52070424.0195566,0,NA,NA,"DDA for preferred ion","[M+H]+1","12_olddry_c",28383504.3771904,7,"3","olddry","itn_cyp_metabolites","Single match found"
3703,"Bestatin/Ubenimex_BTM03524_14.2","Bestatin/Ubenimex_BTM03524","C16 H22 N2 O4","Not the top hit","Not the top hit","Full match",0.52,306.15812,307.16539,14.2,10128276.2478359,2,75.2,71.7,"DDA for preferred ion","[M+H]+1","13_digester1a",8375982.81005506,6.3,"1","digesterA","itn_cyp_metabolites","Multiple matches found"
3703,"Bestatin/Ubenimex_BTM03524_14.2","Bestatin/Ubenimex_BTM03524","C16 H22 N2 O4","Not the top hit","Not the top hit","Full match",0.52,306.15812,307.16539,14.2,10128276.2478359,2,75.2,71.7,"DDA for preferred ion","[M+H]+1","14_digester1b",6807640.64132336,6.8,"2","digesterA","itn_cyp_metabolites","Multiple matches found"
3703,"Bestatin/Ubenimex_BTM03524_14.2","Bestatin/Ubenimex_BTM03524","C16 H22 N2 O4","Not the top hit","Not the top hit","Full match",0.52,306.15812,307.16539,14.2,10128276.2478359,2,75.2,71.7,"DDA for preferred ion","[M+H]+1","17_digester3a",6671850.95134349,7.4,"1","digesterC","itn_cyp_metabolites","Multiple matches found"
3703,"Bestatin/Ubenimex_BTM03524_14.2","Bestatin/Ubenimex_BTM03524","C16 H22 N2 O4","Not the top hit","Not the top hit","Full match",0.52,306.15812,307.16539,14.2,10128276.2478359,2,75.2,71.7,"DDA for preferred ion","[M+H]+1","18_digester3b",7630244.60998871,5.8,"2","digesterC","itn_cyp_metabolites","Multiple matches found"
4190,"Carvedilol_14.27","Carvedilol","C24 H26 N2 O4","No match","No results","Full match",0.17,406.18933,407.1966,14.27,7843674.95906487,0,NA,NA,"DDA for preferred ion","[M+H]+1","10_olddry_a",7843674.95906487,7.4,"1","olddry","itn_cyp_metabolites","Multiple matches found"
4190,"Carvedilol_14.27","Carvedilol","C24 H26 N2 O4","No match","No results","Full match",0.17,406.18933,407.1966,14.27,7843674.95906487,0,NA,NA,"DDA for preferred ion","[M+H]+1","12_olddry_c",7342344.49411163,6.3,"3","olddry","itn_cyp_metabolites","Multiple matches found"
3442,"Cefaloglycin_BTM00313_16.507","Cefaloglycin_BTM00313","C18 H19 N3 O7 S","No match","No results","Full match",-3.63,421.09284,422.10012,16.507,11461765.6564563,0,NA,NA,"DDA for preferred ion","[M+H]+1","10_olddry_a",9774496.79381965,8.3,"1","olddry","itn_cyp_metabolites","Multiple matches found"
3442,"Cefaloglycin_BTM00313_16.507","Cefaloglycin_BTM00313","C18 H19 N3 O7 S","No match","No results","Full match",-3.63,421.09284,422.10012,16.507,11461765.6564563,0,NA,NA,"DDA for preferred ion","[M+H]+1","11_olddry_b",9942274.48036041,8.3,"2","olddry","itn_cyp_metabolites","Multiple matches found"
3442,"Cefaloglycin_BTM00313_16.507","Cefaloglycin_BTM00313","C18 H19 N3 O7 S","No match","No results","Full match",-3.63,421.09284,422.10012,16.507,11461765.6564563,0,NA,NA,"DDA for preferred ion","[M+H]+1","12_olddry_c",11461765.6564563,8.3,"3","olddry","itn_cyp_metabolites","Multiple matches found"
3360,"Ciclesonide_15.971","Ciclesonide","C32 H44 O7","No match","No results","Full match",-3,540.30708,541.31436,15.971,11975226.8139248,0,NA,NA,"DDA for preferred ion","[M+H]+1","17_digester3a",7134945.48558543,7.4,"1","digesterC","itn_cyp_metabolites","Multiple matches found"
3360,"Ciclesonide_15.971","Ciclesonide","C32 H44 O7","No match","No results","Full match",-3,540.30708,541.31436,15.971,11975226.8139248,0,NA,NA,"DDA for preferred ion","[M+H]+1","18_digester3b",8848813.70449527,7.7,"2","digesterC","itn_cyp_metabolites","Multiple matches found"
625,"Ciprofloxacin_11.652","Ciprofloxacin","C17 H18 F N3 O3","No match","Full match","Full match",0.7,331.13345,332.14073,11.652,88489383.6525241,1,74.3,46.7,"DDA for preferred ion","[M+H]+1","4_centrin_a",58190810.7396905,6.7,"1","centrin","itn_cyp_metabolites","Single match found"
625,"Ciprofloxacin_11.652","Ciprofloxacin","C17 H18 F N3 O3","No match","Full match","Full match",0.7,331.13345,332.14073,11.652,88489383.6525241,1,74.3,46.7,"DDA for preferred ion","[M+H]+1","5_centrin_b",59174682.8698785,6.2,"2","centrin","itn_cyp_metabolites","Single match found"
427,"Ciprofloxacin_12.312","Ciprofloxacin","C17 H18 F N3 O3","Full match","Full match","Full match",0.74,331.13347,332.14074,12.312,124652276.61073,1,74.2,46.6,"DDA for preferred ion","[M+H]+1","13_digester1a",124652276.61073,6.7,"1","digesterA","itn_cyp_metabolites","Single match found"
427,"Ciprofloxacin_12.312","Ciprofloxacin","C17 H18 F N3 O3","Full match","Full match","Full match",0.74,331.13347,332.14074,12.312,124652276.61073,1,74.2,46.6,"DDA for preferred ion","[M+H]+1","14_digester1b",111924281.791042,6.7,"2","digesterA","itn_cyp_metabolites","Single match found"
427,"Ciprofloxacin_12.312","Ciprofloxacin","C17 H18 F N3 O3","Full match","Full match","Full match",0.74,331.13347,332.14074,12.312,124652276.61073,1,74.2,46.6,"DDA for preferred ion","[M+H]+1","7_newdry_a",47510675.0846386,5.7,"1","newdry","itn_cyp_metabolites","Single match found"
427,"Ciprofloxacin_12.312","Ciprofloxacin","C17 H18 F N3 O3","Full match","Full match","Full match",0.74,331.13347,332.14074,12.312,124652276.61073,1,74.2,46.6,"DDA for preferred ion","[M+H]+1","9_newdry_c",86745721.5956548,7.3,"3","newdry","itn_cyp_metabolites","Single match found"
782,"Concanamycin A_BTM01216_14.498","Concanamycin A_BTM01216","C45 H73 N O14","Full match","No results","Full match",0.14,851.50322,852.5105,14.498,69779829.1257324,0,NA,NA,"DDA for preferred ion","[M+H]+1","4_centrin_a",33728298.0823267,8.4,"1","centrin","itn_cyp_metabolites","Single match found"
782,"Concanamycin A_BTM01216_14.498","Concanamycin A_BTM01216","C45 H73 N O14","Full match","No results","Full match",0.14,851.50322,852.5105,14.498,69779829.1257324,0,NA,NA,"DDA for preferred ion","[M+H]+1","5_centrin_b",28372058.7082013,8,"2","centrin","itn_cyp_metabolites","Single match found"
782,"Concanamycin A_BTM01216_14.498","Concanamycin A_BTM01216","C45 H73 N O14","Full match","No results","Full match",0.14,851.50322,852.5105,14.498,69779829.1257324,0,NA,NA,"DDA for preferred ion","[M+H]+1","6_centrin_c",6450489.95213265,7.4,"3","centrin","itn_cyp_metabolites","Single match found"
782,"Concanamycin A_BTM01216_14.498","Concanamycin A_BTM01216","C45 H73 N O14","Full match","No results","Full match",0.14,851.50322,852.5105,14.498,69779829.1257324,0,NA,NA,"DDA for preferred ion","[M+H]+1","15_digester2a",21933871.2163497,8.6,"1","digesterB","itn_cyp_metabolites","Single match found"
782,"Concanamycin A_BTM01216_14.498","Concanamycin A_BTM01216","C45 H73 N O14","Full match","No results","Full match",0.14,851.50322,852.5105,14.498,69779829.1257324,0,NA,NA,"DDA for preferred ion","[M+H]+1","16_digester2b",7303819.48505524,7.4,"2","digesterB","itn_cyp_metabolites","Single match found"
782,"Concanamycin A_BTM01216_14.498","Concanamycin A_BTM01216","C45 H73 N O14","Full match","No results","Full match",0.14,851.50322,852.5105,14.498,69779829.1257324,0,NA,NA,"DDA for preferred ion","[M+H]+1","17_digester3a",21431708.87964,8.6,"1","digesterC","itn_cyp_metabolites","Single match found"
782,"Concanamycin A_BTM01216_14.498","Concanamycin A_BTM01216","C45 H73 N O14","Full match","No results","Full match",0.14,851.50322,852.5105,14.498,69779829.1257324,0,NA,NA,"DDA for preferred ion","[M+H]+1","18_digester3b",14652316.1499791,7.2,"2","digesterC","itn_cyp_metabolites","Single match found"
782,"Concanamycin A_BTM01216_14.498","Concanamycin A_BTM01216","C45 H73 N O14","Full match","No results","Full match",0.14,851.50322,852.5105,14.498,69779829.1257324,0,NA,NA,"DDA for preferred ion","[M+H]+1","1_feedpump_a",38437928.6862314,8.9,"1","feedpump","itn_cyp_metabolites","Single match found"
782,"Concanamycin A_BTM01216_14.498","Concanamycin A_BTM01216","C45 H73 N O14","Full match","No results","Full match",0.14,851.50322,852.5105,14.498,69779829.1257324,0,NA,NA,"DDA for preferred ion","[M+H]+1","2_feedpump_b",35245226.2266577,8.9,"2","feedpump","itn_cyp_metabolites","Single match found"
782,"Concanamycin A_BTM01216_14.498","Concanamycin A_BTM01216","C45 H73 N O14","Full match","No results","Full match",0.14,851.50322,852.5105,14.498,69779829.1257324,0,NA,NA,"DDA for preferred ion","[M+H]+1","7_newdry_a",18430015.2323937,8,"1","newdry","itn_cyp_metabolites","Single match found"
782,"Concanamycin A_BTM01216_14.498","Concanamycin A_BTM01216","C45 H73 N O14","Full match","No results","Full match",0.14,851.50322,852.5105,14.498,69779829.1257324,0,NA,NA,"DDA for preferred ion","[M+H]+1","8_newdry_b",50000275.221557,6.7,"2","newdry","itn_cyp_metabolites","Single match found"
782,"Concanamycin A_BTM01216_14.498","Concanamycin A_BTM01216","C45 H73 N O14","Full match","No results","Full match",0.14,851.50322,852.5105,14.498,69779829.1257324,0,NA,NA,"DDA for preferred ion","[M+H]+1","9_newdry_c",69779829.1257324,8.9,"3","newdry","itn_cyp_metabolites","Single match found"
782,"Concanamycin A_BTM01216_14.498","Concanamycin A_BTM01216","C45 H73 N O14","Full match","No results","Full match",0.14,851.50322,852.5105,14.498,69779829.1257324,0,NA,NA,"DDA for preferred ion","[M+H]+1","10_olddry_a",41204788.2805132,8.4,"1","olddry","itn_cyp_metabolites","Single match found"
782,"Concanamycin A_BTM01216_14.498","Concanamycin A_BTM01216","C45 H73 N O14","Full match","No results","Full match",0.14,851.50322,852.5105,14.498,69779829.1257324,0,NA,NA,"DDA for preferred ion","[M+H]+1","11_olddry_b",44770740.1219496,7.3,"2","olddry","itn_cyp_metabolites","Single match found"
782,"Concanamycin A_BTM01216_14.498","Concanamycin A_BTM01216","C45 H73 N O14","Full match","No results","Full match",0.14,851.50322,852.5105,14.498,69779829.1257324,0,NA,NA,"DDA for preferred ion","[M+H]+1","12_olddry_c",42881744.4551697,8.4,"3","olddry","itn_cyp_metabolites","Single match found"
862,"Concanamycin A_BTM01216_16.035","Concanamycin A_BTM01216","C45 H73 N O14","Full match","No results","Full match",0.05,851.50315,852.51042,16.035,62754642.3816845,0,NA,NA,"DDA for preferred ion","[M+H]+1","10_olddry_a",57100410.0172538,6.7,"1","olddry","itn_cyp_metabolites","Single match found"
862,"Concanamycin A_BTM01216_16.035","Concanamycin A_BTM01216","C45 H73 N O14","Full match","No results","Full match",0.05,851.50315,852.51042,16.035,62754642.3816845,0,NA,NA,"DDA for preferred ion","[M+H]+1","11_olddry_b",62754642.3816845,5.7,"2","olddry","itn_cyp_metabolites","Single match found"
862,"Concanamycin A_BTM01216_16.035","Concanamycin A_BTM01216","C45 H73 N O14","Full match","No results","Full match",0.05,851.50315,852.51042,16.035,62754642.3816845,0,NA,NA,"DDA for preferred ion","[M+H]+1","12_olddry_c",61441751.815285,8.4,"3","olddry","itn_cyp_metabolites","Single match found"
561,"Concanamycin A_BTM01216_17.444","Concanamycin A_BTM01216","C45 H73 N O14","Full match","No results","Full match",0.17,851.50325,852.51053,17.444,97548714.7926229,0,NA,NA,"DDA for preferred ion","[M+H]+1","7_newdry_a",25638002.7052054,8,"1","newdry","itn_cyp_metabolites","Single match found"
561,"Concanamycin A_BTM01216_17.444","Concanamycin A_BTM01216","C45 H73 N O14","Full match","No results","Full match",0.17,851.50325,852.51053,17.444,97548714.7926229,0,NA,NA,"DDA for preferred ion","[M+H]+1","8_newdry_b",55244392.6083201,8.4,"2","newdry","itn_cyp_metabolites","Single match found"
561,"Concanamycin A_BTM01216_17.444","Concanamycin A_BTM01216","C45 H73 N O14","Full match","No results","Full match",0.17,851.50325,852.51053,17.444,97548714.7926229,0,NA,NA,"DDA for preferred ion","[M+H]+1","9_newdry_c",97548714.7926229,5.7,"3","newdry","itn_cyp_metabolites","Single match found"
2039,"Cryptotanshinone_BTM04455_20.502","Cryptotanshinone_BTM04455","C19 H20 O4","Not the top hit","Not the top hit","Full match",0.27,312.13624,313.14352,20.502,24737005.962358,10,77.5,58.3,"DDA for preferred ion","[M+H]+1","4_centrin_a",5283247.50390616,7.9,"1","centrin","itn_cyp_metabolites","Multiple matches found"
2039,"Cryptotanshinone_BTM04455_20.502","Cryptotanshinone_BTM04455","C19 H20 O4","Not the top hit","Not the top hit","Full match",0.27,312.13624,313.14352,20.502,24737005.962358,10,77.5,58.3,"DDA for preferred ion","[M+H]+1","5_centrin_b",5451616.53083747,8.5,"2","centrin","itn_cyp_metabolites","Multiple matches found"
2039,"Cryptotanshinone_BTM04455_20.502","Cryptotanshinone_BTM04455","C19 H20 O4","Not the top hit","Not the top hit","Full match",0.27,312.13624,313.14352,20.502,24737005.962358,10,77.5,58.3,"DDA for preferred ion","[M+H]+1","6_centrin_c",4663874.38218762,7.6,"3","centrin","itn_cyp_metabolites","Multiple matches found"
2039,"Cryptotanshinone_BTM04455_20.502","Cryptotanshinone_BTM04455","C19 H20 O4","Not the top hit","Not the top hit","Full match",0.27,312.13624,313.14352,20.502,24737005.962358,10,77.5,58.3,"DDA for preferred ion","[M+H]+1","13_digester1a",6196796.67032391,7.4,"1","digesterA","itn_cyp_metabolites","Multiple matches found"
2039,"Cryptotanshinone_BTM04455_20.502","Cryptotanshinone_BTM04455","C19 H20 O4","Not the top hit","Not the top hit","Full match",0.27,312.13624,313.14352,20.502,24737005.962358,10,77.5,58.3,"DDA for preferred ion","[M+H]+1","14_digester1b",7034322.79615323,8.5,"2","digesterA","itn_cyp_metabolites","Multiple matches found"
2039,"Cryptotanshinone_BTM04455_20.502","Cryptotanshinone_BTM04455","C19 H20 O4","Not the top hit","Not the top hit","Full match",0.27,312.13624,313.14352,20.502,24737005.962358,10,77.5,58.3,"DDA for preferred ion","[M+H]+1","15_digester2a",24737005.962358,7.5,"1","digesterB","itn_cyp_metabolites","Multiple matches found"
2039,"Cryptotanshinone_BTM04455_20.502","Cryptotanshinone_BTM04455","C19 H20 O4","Not the top hit","Not the top hit","Full match",0.27,312.13624,313.14352,20.502,24737005.962358,10,77.5,58.3,"DDA for preferred ion","[M+H]+1","16_digester2b",6268729.43919718,8.5,"2","digesterB","itn_cyp_metabolites","Multiple matches found"
2039,"Cryptotanshinone_BTM04455_20.502","Cryptotanshinone_BTM04455","C19 H20 O4","Not the top hit","Not the top hit","Full match",0.27,312.13624,313.14352,20.502,24737005.962358,10,77.5,58.3,"DDA for preferred ion","[M+H]+1","17_digester3a",3396936.23160213,7.6,"1","digesterC","itn_cyp_metabolites","Multiple matches found"
2039,"Cryptotanshinone_BTM04455_20.502","Cryptotanshinone_BTM04455","C19 H20 O4","Not the top hit","Not the top hit","Full match",0.27,312.13624,313.14352,20.502,24737005.962358,10,77.5,58.3,"DDA for preferred ion","[M+H]+1","18_digester3b",3134957.70546269,6,"2","digesterC","itn_cyp_metabolites","Multiple matches found"
2039,"Cryptotanshinone_BTM04455_20.502","Cryptotanshinone_BTM04455","C19 H20 O4","Not the top hit","Not the top hit","Full match",0.27,312.13624,313.14352,20.502,24737005.962358,10,77.5,58.3,"DDA for preferred ion","[M+H]+1","7_newdry_a",1386194.84169626,6,"1","newdry","itn_cyp_metabolites","Multiple matches found"
2039,"Cryptotanshinone_BTM04455_20.502","Cryptotanshinone_BTM04455","C19 H20 O4","Not the top hit","Not the top hit","Full match",0.27,312.13624,313.14352,20.502,24737005.962358,10,77.5,58.3,"DDA for preferred ion","[M+H]+1","8_newdry_b",3621377.50076143,7.6,"2","newdry","itn_cyp_metabolites","Multiple matches found"
2039,"Cryptotanshinone_BTM04455_20.502","Cryptotanshinone_BTM04455","C19 H20 O4","Not the top hit","Not the top hit","Full match",0.27,312.13624,313.14352,20.502,24737005.962358,10,77.5,58.3,"DDA for preferred ion","[M+H]+1","9_newdry_c",3835182.23826544,7.1,"3","newdry","itn_cyp_metabolites","Multiple matches found"
2039,"Cryptotanshinone_BTM04455_20.502","Cryptotanshinone_BTM04455","C19 H20 O4","Not the top hit","Not the top hit","Full match",0.27,312.13624,313.14352,20.502,24737005.962358,10,77.5,58.3,"DDA for preferred ion","[M+H]+1","10_olddry_a",15926332.5155285,6.4,"1","olddry","itn_cyp_metabolites","Multiple matches found"
2039,"Cryptotanshinone_BTM04455_20.502","Cryptotanshinone_BTM04455","C19 H20 O4","Not the top hit","Not the top hit","Full match",0.27,312.13624,313.14352,20.502,24737005.962358,10,77.5,58.3,"DDA for preferred ion","[M+H]+1","11_olddry_b",2746852.51153452,8.7,"2","olddry","itn_cyp_metabolites","Multiple matches found"
2039,"Cryptotanshinone_BTM04455_20.502","Cryptotanshinone_BTM04455","C19 H20 O4","Not the top hit","Not the top hit","Full match",0.27,312.13624,313.14352,20.502,24737005.962358,10,77.5,58.3,"DDA for preferred ion","[M+H]+1","12_olddry_c",2522878.68515719,8.7,"3","olddry","itn_cyp_metabolites","Multiple matches found"
680,"Cryptotanshinone_BTM04460_16.092","Cryptotanshinone_BTM04460","C19 H22 O3","Full match","Not the top hit","Full match",0.39,298.15701,299.16429,16.092,81229893.9611533,8,72.4,51.3,"DDA for preferred ion","[M+H]+1","13_digester1a",47400821.2143782,7.3,"1","digesterA","itn_cyp_metabolites","Multiple matches found"
680,"Cryptotanshinone_BTM04460_16.092","Cryptotanshinone_BTM04460","C19 H22 O3","Full match","Not the top hit","Full match",0.39,298.15701,299.16429,16.092,81229893.9611533,8,72.4,51.3,"DDA for preferred ion","[M+H]+1","14_digester1b",68624131.0044662,6.7,"2","digesterA","itn_cyp_metabolites","Multiple matches found"
680,"Cryptotanshinone_BTM04460_16.092","Cryptotanshinone_BTM04460","C19 H22 O3","Full match","Not the top hit","Full match",0.39,298.15701,299.16429,16.092,81229893.9611533,8,72.4,51.3,"DDA for preferred ion","[M+H]+1","15_digester2a",81229893.9611533,7.3,"1","digesterB","itn_cyp_metabolites","Multiple matches found"
680,"Cryptotanshinone_BTM04460_16.092","Cryptotanshinone_BTM04460","C19 H22 O3","Full match","Not the top hit","Full match",0.39,298.15701,299.16429,16.092,81229893.9611533,8,72.4,51.3,"DDA for preferred ion","[M+H]+1","16_digester2b",54175031.8243581,6.7,"2","digesterB","itn_cyp_metabolites","Multiple matches found"
107,"Cryptotanshinone_BTM04460_17.212","Cryptotanshinone_BTM04460","C19 H22 O3","Full match","Not the top hit","Full match",0.45,298.15703,299.16431,17.212,378984881.929746,5,70.9,49.3,"DDA for preferred ion","[M+H]+1","13_digester1a",273462465.814414,9.5,"1","digesterA","itn_cyp_metabolites","Multiple matches found"
107,"Cryptotanshinone_BTM04460_17.212","Cryptotanshinone_BTM04460","C19 H22 O3","Full match","Not the top hit","Full match",0.45,298.15703,299.16431,17.212,378984881.929746,5,70.9,49.3,"DDA for preferred ion","[M+H]+1","14_digester1b",378984881.929746,8.4,"2","digesterA","itn_cyp_metabolites","Multiple matches found"
107,"Cryptotanshinone_BTM04460_17.212","Cryptotanshinone_BTM04460","C19 H22 O3","Full match","Not the top hit","Full match",0.45,298.15703,299.16431,17.212,378984881.929746,5,70.9,49.3,"DDA for preferred ion","[M+H]+1","15_digester2a",208387455.445877,9.5,"1","digesterB","itn_cyp_metabolites","Multiple matches found"
107,"Cryptotanshinone_BTM04460_17.212","Cryptotanshinone_BTM04460","C19 H22 O3","Full match","Not the top hit","Full match",0.45,298.15703,299.16431,17.212,378984881.929746,5,70.9,49.3,"DDA for preferred ion","[M+H]+1","16_digester2b",148657564.672206,8.4,"2","digesterB","itn_cyp_metabolites","Multiple matches found"
107,"Cryptotanshinone_BTM04460_17.212","Cryptotanshinone_BTM04460","C19 H22 O3","Full match","Not the top hit","Full match",0.45,298.15703,299.16431,17.212,378984881.929746,5,70.9,49.3,"DDA for preferred ion","[M+H]+1","17_digester3a",9097690.39068993,8.3,"1","digesterC","itn_cyp_metabolites","Multiple matches found"
107,"Cryptotanshinone_BTM04460_17.212","Cryptotanshinone_BTM04460","C19 H22 O3","Full match","Not the top hit","Full match",0.45,298.15703,299.16431,17.212,378984881.929746,5,70.9,49.3,"DDA for preferred ion","[M+H]+1","18_digester3b",10108901.4937471,7.7,"2","digesterC","itn_cyp_metabolites","Multiple matches found"
478,"Dichlorophene_BTM02818_22.086","Dichlorophene_BTM02818","C13 H11 Cl O3","No match","Invalid mass","Full match",-0.79,250.03947,251.04675,22.086,111588475.431779,3,81.4,63.8,"DDA for preferred ion","[M+H]+1","4_centrin_a",88936939.0267154,10,"1","centrin","itn_cyp_metabolites","Single match found"
478,"Dichlorophene_BTM02818_22.086","Dichlorophene_BTM02818","C13 H11 Cl O3","No match","Invalid mass","Full match",-0.79,250.03947,251.04675,22.086,111588475.431779,3,81.4,63.8,"DDA for preferred ion","[M+H]+1","5_centrin_b",81633829.7631228,7.8,"2","centrin","itn_cyp_metabolites","Single match found"
478,"Dichlorophene_BTM02818_22.086","Dichlorophene_BTM02818","C13 H11 Cl O3","No match","Invalid mass","Full match",-0.79,250.03947,251.04675,22.086,111588475.431779,3,81.4,63.8,"DDA for preferred ion","[M+H]+1","6_centrin_c",76803296.5871325,7.8,"3","centrin","itn_cyp_metabolites","Single match found"
478,"Dichlorophene_BTM02818_22.086","Dichlorophene_BTM02818","C13 H11 Cl O3","No match","Invalid mass","Full match",-0.79,250.03947,251.04675,22.086,111588475.431779,3,81.4,63.8,"DDA for preferred ion","[M+H]+1","13_digester1a",100210586.121922,8.4,"1","digesterA","itn_cyp_metabolites","Single match found"
478,"Dichlorophene_BTM02818_22.086","Dichlorophene_BTM02818","C13 H11 Cl O3","No match","Invalid mass","Full match",-0.79,250.03947,251.04675,22.086,111588475.431779,3,81.4,63.8,"DDA for preferred ion","[M+H]+1","14_digester1b",101506039.355008,9.5,"2","digesterA","itn_cyp_metabolites","Single match found"
478,"Dichlorophene_BTM02818_22.086","Dichlorophene_BTM02818","C13 H11 Cl O3","No match","Invalid mass","Full match",-0.79,250.03947,251.04675,22.086,111588475.431779,3,81.4,63.8,"DDA for preferred ion","[M+H]+1","15_digester2a",60887563.686144,8.4,"1","digesterB","itn_cyp_metabolites","Single match found"
478,"Dichlorophene_BTM02818_22.086","Dichlorophene_BTM02818","C13 H11 Cl O3","No match","Invalid mass","Full match",-0.79,250.03947,251.04675,22.086,111588475.431779,3,81.4,63.8,"DDA for preferred ion","[M+H]+1","16_digester2b",56344715.9615044,10,"2","digesterB","itn_cyp_metabolites","Single match found"
478,"Dichlorophene_BTM02818_22.086","Dichlorophene_BTM02818","C13 H11 Cl O3","No match","Invalid mass","Full match",-0.79,250.03947,251.04675,22.086,111588475.431779,3,81.4,63.8,"DDA for preferred ion","[M+H]+1","17_digester3a",87065020.6900899,9.5,"1","digesterC","itn_cyp_metabolites","Single match found"
478,"Dichlorophene_BTM02818_22.086","Dichlorophene_BTM02818","C13 H11 Cl O3","No match","Invalid mass","Full match",-0.79,250.03947,251.04675,22.086,111588475.431779,3,81.4,63.8,"DDA for preferred ion","[M+H]+1","18_digester3b",77534931.5019524,8.4,"2","digesterC","itn_cyp_metabolites","Single match found"
478,"Dichlorophene_BTM02818_22.086","Dichlorophene_BTM02818","C13 H11 Cl O3","No match","Invalid mass","Full match",-0.79,250.03947,251.04675,22.086,111588475.431779,3,81.4,63.8,"DDA for preferred ion","[M+H]+1","19_digester4a",85934821.8018428,8.4,"1","digesterD","itn_cyp_metabolites","Single match found"
478,"Dichlorophene_BTM02818_22.086","Dichlorophene_BTM02818","C13 H11 Cl O3","No match","Invalid mass","Full match",-0.79,250.03947,251.04675,22.086,111588475.431779,3,81.4,63.8,"DDA for preferred ion","[M+H]+1","20_digester4b",96268455.6848611,7.8,"2","digesterD","itn_cyp_metabolites","Single match found"
478,"Dichlorophene_BTM02818_22.086","Dichlorophene_BTM02818","C13 H11 Cl O3","No match","Invalid mass","Full match",-0.79,250.03947,251.04675,22.086,111588475.431779,3,81.4,63.8,"DDA for preferred ion","[M+H]+1","1_feedpump_a",48932057.5034282,9.5,"1","feedpump","itn_cyp_metabolites","Single match found"
478,"Dichlorophene_BTM02818_22.086","Dichlorophene_BTM02818","C13 H11 Cl O3","No match","Invalid mass","Full match",-0.79,250.03947,251.04675,22.086,111588475.431779,3,81.4,63.8,"DDA for preferred ion","[M+H]+1","2_feedpump_b",58857085.5904991,7.8,"2","feedpump","itn_cyp_metabolites","Single match found"
478,"Dichlorophene_BTM02818_22.086","Dichlorophene_BTM02818","C13 H11 Cl O3","No match","Invalid mass","Full match",-0.79,250.03947,251.04675,22.086,111588475.431779,3,81.4,63.8,"DDA for preferred ion","[M+H]+1","3_feedpump_c",39814044.7038286,8.9,"3","feedpump","itn_cyp_metabolites","Single match found"
478,"Dichlorophene_BTM02818_22.086","Dichlorophene_BTM02818","C13 H11 Cl O3","No match","Invalid mass","Full match",-0.79,250.03947,251.04675,22.086,111588475.431779,3,81.4,63.8,"DDA for preferred ion","[M+H]+1","7_newdry_a",109175588.140253,9.5,"1","newdry","itn_cyp_metabolites","Single match found"
478,"Dichlorophene_BTM02818_22.086","Dichlorophene_BTM02818","C13 H11 Cl O3","No match","Invalid mass","Full match",-0.79,250.03947,251.04675,22.086,111588475.431779,3,81.4,63.8,"DDA for preferred ion","[M+H]+1","8_newdry_b",101458099.763902,7.3,"2","newdry","itn_cyp_metabolites","Single match found"
478,"Dichlorophene_BTM02818_22.086","Dichlorophene_BTM02818","C13 H11 Cl O3","No match","Invalid mass","Full match",-0.79,250.03947,251.04675,22.086,111588475.431779,3,81.4,63.8,"DDA for preferred ion","[M+H]+1","9_newdry_c",111588475.431779,8.4,"3","newdry","itn_cyp_metabolites","Single match found"
478,"Dichlorophene_BTM02818_22.086","Dichlorophene_BTM02818","C13 H11 Cl O3","No match","Invalid mass","Full match",-0.79,250.03947,251.04675,22.086,111588475.431779,3,81.4,63.8,"DDA for preferred ion","[M+H]+1","10_olddry_a",91653866.964356,9.5,"1","olddry","itn_cyp_metabolites","Single match found"
478,"Dichlorophene_BTM02818_22.086","Dichlorophene_BTM02818","C13 H11 Cl O3","No match","Invalid mass","Full match",-0.79,250.03947,251.04675,22.086,111588475.431779,3,81.4,63.8,"DDA for preferred ion","[M+H]+1","11_olddry_b",85626041.1687457,9.5,"2","olddry","itn_cyp_metabolites","Single match found"
478,"Dichlorophene_BTM02818_22.086","Dichlorophene_BTM02818","C13 H11 Cl O3","No match","Invalid mass","Full match",-0.79,250.03947,251.04675,22.086,111588475.431779,3,81.4,63.8,"DDA for preferred ion","[M+H]+1","12_olddry_c",93532958.1846541,9.5,"3","olddry","itn_cyp_metabolites","Single match found"
2610,"Dichlorophene_BTM02818_22.885","Dichlorophene_BTM02818","C13 H11 Cl O3","No match","Invalid mass","Full match",-0.72,250.03949,251.04677,22.885,17892592.903448,3,81.5,63.8,"DDA for preferred ion","[M+H]+1","13_digester1a",16117733.7889679,6.4,"1","digesterA","itn_cyp_metabolites","Single match found"
2610,"Dichlorophene_BTM02818_22.885","Dichlorophene_BTM02818","C13 H11 Cl O3","No match","Invalid mass","Full match",-0.72,250.03949,251.04677,22.885,17892592.903448,3,81.5,63.8,"DDA for preferred ion","[M+H]+1","14_digester1b",17892592.903448,6.4,"2","digesterA","itn_cyp_metabolites","Single match found"
944,"Erythromycin B_BTM01919_17.793","Erythromycin B_BTM01919","C37 H65 N O12","No match","No results","Full match",-3.22,715.44838,716.45566,17.793,57396057.1428511,0,NA,NA,"DDA for preferred ion","[M+H]+1","17_digester3a",57396057.1428511,5.7,"1","digesterC","itn_cyp_metabolites","Multiple matches found"
944,"Erythromycin B_BTM01919_17.793","Erythromycin B_BTM01919","C37 H65 N O12","No match","No results","Full match",-3.22,715.44838,716.45566,17.793,57396057.1428511,0,NA,NA,"DDA for preferred ion","[M+H]+1","18_digester3b",24894372.7818231,7.5,"2","digesterC","itn_cyp_metabolites","Multiple matches found"
944,"Erythromycin B_BTM01919_17.793","Erythromycin B_BTM01919","C37 H65 N O12","No match","No results","Full match",-3.22,715.44838,716.45566,17.793,57396057.1428511,0,NA,NA,"DDA for preferred ion","[M+H]+1","19_digester4a",43054320.5295915,8.4,"1","digesterD","itn_cyp_metabolites","Multiple matches found"
944,"Erythromycin B_BTM01919_17.793","Erythromycin B_BTM01919","C37 H65 N O12","No match","No results","Full match",-3.22,715.44838,716.45566,17.793,57396057.1428511,0,NA,NA,"DDA for preferred ion","[M+H]+1","20_digester4b",20255786.8507127,8,"2","digesterD","itn_cyp_metabolites","Multiple matches found"
877,"Erythromycin_23.894","Erythromycin","C37 H67 N O13","No match","No results","Full match",-3.22,733.45888,734.46615,23.894,61235646.6517153,0,NA,NA,"DDA for preferred ion","[M+H]+1","4_centrin_a",36716298.0611977,8.4,"1","centrin","itn_cyp_metabolites","Multiple matches found"
877,"Erythromycin_23.894","Erythromycin","C37 H67 N O13","No match","No results","Full match",-3.22,733.45888,734.46615,23.894,61235646.6517153,0,NA,NA,"DDA for preferred ion","[M+H]+1","5_centrin_b",36716010.1205692,8.9,"2","centrin","itn_cyp_metabolites","Multiple matches found"
877,"Erythromycin_23.894","Erythromycin","C37 H67 N O13","No match","No results","Full match",-3.22,733.45888,734.46615,23.894,61235646.6517153,0,NA,NA,"DDA for preferred ion","[M+H]+1","6_centrin_c",45208834.0776337,8.4,"3","centrin","itn_cyp_metabolites","Multiple matches found"
877,"Erythromycin_23.894","Erythromycin","C37 H67 N O13","No match","No results","Full match",-3.22,733.45888,734.46615,23.894,61235646.6517153,0,NA,NA,"DDA for preferred ion","[M+H]+1","13_digester1a",31973624.3901352,9.1,"1","digesterA","itn_cyp_metabolites","Multiple matches found"
877,"Erythromycin_23.894","Erythromycin","C37 H67 N O13","No match","No results","Full match",-3.22,733.45888,734.46615,23.894,61235646.6517153,0,NA,NA,"DDA for preferred ion","[M+H]+1","14_digester1b",49552717.0486945,8.9,"2","digesterA","itn_cyp_metabolites","Multiple matches found"
877,"Erythromycin_23.894","Erythromycin","C37 H67 N O13","No match","No results","Full match",-3.22,733.45888,734.46615,23.894,61235646.6517153,0,NA,NA,"DDA for preferred ion","[M+H]+1","15_digester2a",46211220.3519412,6.7,"1","digesterB","itn_cyp_metabolites","Multiple matches found"
877,"Erythromycin_23.894","Erythromycin","C37 H67 N O13","No match","No results","Full match",-3.22,733.45888,734.46615,23.894,61235646.6517153,0,NA,NA,"DDA for preferred ion","[M+H]+1","16_digester2b",45931236.5485054,9.5,"2","digesterB","itn_cyp_metabolites","Multiple matches found"
877,"Erythromycin_23.894","Erythromycin","C37 H67 N O13","No match","No results","Full match",-3.22,733.45888,734.46615,23.894,61235646.6517153,0,NA,NA,"DDA for preferred ion","[M+H]+1","17_digester3a",32764993.1797189,9.1,"1","digesterC","itn_cyp_metabolites","Multiple matches found"
877,"Erythromycin_23.894","Erythromycin","C37 H67 N O13","No match","No results","Full match",-3.22,733.45888,734.46615,23.894,61235646.6517153,0,NA,NA,"DDA for preferred ion","[M+H]+1","18_digester3b",15068855.5027888,9.7,"2","digesterC","itn_cyp_metabolites","Multiple matches found"
877,"Erythromycin_23.894","Erythromycin","C37 H67 N O13","No match","No results","Full match",-3.22,733.45888,734.46615,23.894,61235646.6517153,0,NA,NA,"DDA for preferred ion","[M+H]+1","1_feedpump_a",25328536.0756142,7,"1","feedpump","itn_cyp_metabolites","Multiple matches found"
877,"Erythromycin_23.894","Erythromycin","C37 H67 N O13","No match","No results","Full match",-3.22,733.45888,734.46615,23.894,61235646.6517153,0,NA,NA,"DDA for preferred ion","[M+H]+1","2_feedpump_b",21133143.5034556,8,"2","feedpump","itn_cyp_metabolites","Multiple matches found"
877,"Erythromycin_23.894","Erythromycin","C37 H67 N O13","No match","No results","Full match",-3.22,733.45888,734.46615,23.894,61235646.6517153,0,NA,NA,"DDA for preferred ion","[M+H]+1","3_feedpump_c",21773714.7506156,8,"3","feedpump","itn_cyp_metabolites","Multiple matches found"
877,"Erythromycin_23.894","Erythromycin","C37 H67 N O13","No match","No results","Full match",-3.22,733.45888,734.46615,23.894,61235646.6517153,0,NA,NA,"DDA for preferred ion","[M+H]+1","7_newdry_a",45478390.7920963,8.9,"1","newdry","itn_cyp_metabolites","Multiple matches found"
877,"Erythromycin_23.894","Erythromycin","C37 H67 N O13","No match","No results","Full match",-3.22,733.45888,734.46615,23.894,61235646.6517153,0,NA,NA,"DDA for preferred ion","[M+H]+1","8_newdry_b",30618650.2176201,8,"2","newdry","itn_cyp_metabolites","Multiple matches found"
877,"Erythromycin_23.894","Erythromycin","C37 H67 N O13","No match","No results","Full match",-3.22,733.45888,734.46615,23.894,61235646.6517153,0,NA,NA,"DDA for preferred ion","[M+H]+1","9_newdry_c",33097560.5726132,9.5,"3","newdry","itn_cyp_metabolites","Multiple matches found"
877,"Erythromycin_23.894","Erythromycin","C37 H67 N O13","No match","No results","Full match",-3.22,733.45888,734.46615,23.894,61235646.6517153,0,NA,NA,"DDA for preferred ion","[M+H]+1","10_olddry_a",61235646.6517153,9.5,"1","olddry","itn_cyp_metabolites","Multiple matches found"
877,"Erythromycin_23.894","Erythromycin","C37 H67 N O13","No match","No results","Full match",-3.22,733.45888,734.46615,23.894,61235646.6517153,0,NA,NA,"DDA for preferred ion","[M+H]+1","11_olddry_b",58148343.9628375,8.9,"2","olddry","itn_cyp_metabolites","Multiple matches found"
877,"Erythromycin_23.894","Erythromycin","C37 H67 N O13","No match","No results","Full match",-3.22,733.45888,734.46615,23.894,61235646.6517153,0,NA,NA,"DDA for preferred ion","[M+H]+1","12_olddry_c",55925646.7825598,8.4,"3","olddry","itn_cyp_metabolites","Multiple matches found"
2632,"Fluorchinolone_BTM04503_18.024","Fluorchinolone_BTM04503","C24 H32 F2 O6","No match","No results","Full match",2.38,454.21778,455.22505,18.024,17723837.9523532,0,NA,NA,"DDA for preferred ion","[M+H]+1","1_feedpump_a",17723837.9523532,9.1,"1","feedpump","itn_cyp_metabolites","Multiple matches found"
2632,"Fluorchinolone_BTM04503_18.024","Fluorchinolone_BTM04503","C24 H32 F2 O6","No match","No results","Full match",2.38,454.21778,455.22505,18.024,17723837.9523532,0,NA,NA,"DDA for preferred ion","[M+H]+1","2_feedpump_b",5340462.14771747,6.8,"2","feedpump","itn_cyp_metabolites","Multiple matches found"
2247,"Fluorescein_15.388","Fluorescein","C20 H12 O5","Not the top hit","No results","Full match",0.71,332.06871,333.07599,15.388,21752616.9011234,0,NA,NA,"DDA for preferred ion","[M+H]+1","15_digester2a",14218625.5824346,7.7,"1","digesterB","itn_cyp_metabolites","Single match found"
2247,"Fluorescein_15.388","Fluorescein","C20 H12 O5","Not the top hit","No results","Full match",0.71,332.06871,333.07599,15.388,21752616.9011234,0,NA,NA,"DDA for preferred ion","[M+H]+1","16_digester2b",4731705.91035747,7.1,"2","digesterB","itn_cyp_metabolites","Single match found"
2247,"Fluorescein_15.388","Fluorescein","C20 H12 O5","Not the top hit","No results","Full match",0.71,332.06871,333.07599,15.388,21752616.9011234,0,NA,NA,"DDA for preferred ion","[M+H]+1","7_newdry_a",13555601.8989288,6.1,"1","newdry","itn_cyp_metabolites","Single match found"
2247,"Fluorescein_15.388","Fluorescein","C20 H12 O5","Not the top hit","No results","Full match",0.71,332.06871,333.07599,15.388,21752616.9011234,0,NA,NA,"DDA for preferred ion","[M+H]+1","8_newdry_b",4931151.55831594,5.4,"2","newdry","itn_cyp_metabolites","Single match found"
3732,"Hydromorphone_17.729","Hydromorphone","C17 H19 N O3","Not the top hit","Partial match","Full match",0.12,285.13653,286.1438,17.729,9971830.81092855,6,87.6,72.2,"DDA for preferred ion","[M+H]+1","19_digester4a",2100717.5692551,8.2,"1","digesterD","itn_cyp_metabolites","Single match found"
3732,"Hydromorphone_17.729","Hydromorphone","C17 H19 N O3","Not the top hit","Partial match","Full match",0.12,285.13653,286.1438,17.729,9971830.81092855,6,87.6,72.2,"DDA for preferred ion","[M+H]+1","20_digester4b",2327009.30304423,8.2,"2","digesterD","itn_cyp_metabolites","Single match found"
2054,"Hydromorphone_18.342","Hydromorphone","C17 H19 N O3","Not the top hit","Partial match","Full match",0.2,285.13655,286.14383,18.342,24476325.5042976,6,88.6,55.1,"DDA for preferred ion","[M+H]+1","13_digester1a",5263574.30517774,7.4,"1","digesterA","itn_cyp_metabolites","Single match found"
2054,"Hydromorphone_18.342","Hydromorphone","C17 H19 N O3","Not the top hit","Partial match","Full match",0.2,285.13655,286.14383,18.342,24476325.5042976,6,88.6,55.1,"DDA for preferred ion","[M+H]+1","14_digester1b",5207126.33872527,7.4,"2","digesterA","itn_cyp_metabolites","Single match found"
2054,"Hydromorphone_18.342","Hydromorphone","C17 H19 N O3","Not the top hit","Partial match","Full match",0.2,285.13655,286.14383,18.342,24476325.5042976,6,88.6,55.1,"DDA for preferred ion","[M+H]+1","1_feedpump_a",8768129.05897585,6.1,"1","feedpump","itn_cyp_metabolites","Single match found"
2054,"Hydromorphone_18.342","Hydromorphone","C17 H19 N O3","Not the top hit","Partial match","Full match",0.2,285.13655,286.14383,18.342,24476325.5042976,6,88.6,55.1,"DDA for preferred ion","[M+H]+1","2_feedpump_b",11649467.8246224,7.2,"2","feedpump","itn_cyp_metabolites","Single match found"
2054,"Hydromorphone_18.342","Hydromorphone","C17 H19 N O3","Not the top hit","Partial match","Full match",0.2,285.13655,286.14383,18.342,24476325.5042976,6,88.6,55.1,"DDA for preferred ion","[M+H]+1","7_newdry_a",24476325.5042976,8.6,"1","newdry","itn_cyp_metabolites","Single match found"
2054,"Hydromorphone_18.342","Hydromorphone","C17 H19 N O3","Not the top hit","Partial match","Full match",0.2,285.13655,286.14383,18.342,24476325.5042976,6,88.6,55.1,"DDA for preferred ion","[M+H]+1","8_newdry_b",5961660.18165316,7.4,"2","newdry","itn_cyp_metabolites","Single match found"
2054,"Hydromorphone_18.342","Hydromorphone","C17 H19 N O3","Not the top hit","Partial match","Full match",0.2,285.13655,286.14383,18.342,24476325.5042976,6,88.6,55.1,"DDA for preferred ion","[M+H]+1","9_newdry_c",6457921.96725872,6.3,"3","newdry","itn_cyp_metabolites","Single match found"
2054,"Hydromorphone_18.342","Hydromorphone","C17 H19 N O3","Not the top hit","Partial match","Full match",0.2,285.13655,286.14383,18.342,24476325.5042976,6,88.6,55.1,"DDA for preferred ion","[M+H]+1","10_olddry_a",7326830.71351202,7.4,"1","olddry","itn_cyp_metabolites","Single match found"
2054,"Hydromorphone_18.342","Hydromorphone","C17 H19 N O3","Not the top hit","Partial match","Full match",0.2,285.13655,286.14383,18.342,24476325.5042976,6,88.6,55.1,"DDA for preferred ion","[M+H]+1","12_olddry_c",7225980.15830179,7.4,"3","olddry","itn_cyp_metabolites","Single match found"
4085,"Kalamycin_BTM03157_13.092","Kalamycin_BTM03157","C16 H12 O7","No match","Partial match","Full match",0.81,316.05856,317.06583,13.092,8340800.20815965,11,81.3,9.1,"DDA for preferred ion","[M+H]+1","10_olddry_a",7656902.50409887,5.2,"1","olddry","itn_cyp_metabolites","Multiple matches found"
4085,"Kalamycin_BTM03157_13.092","Kalamycin_BTM03157","C16 H12 O7","No match","Partial match","Full match",0.81,316.05856,317.06583,13.092,8340800.20815965,11,81.3,9.1,"DDA for preferred ion","[M+H]+1","12_olddry_c",8340800.20815965,5.2,"3","olddry","itn_cyp_metabolites","Multiple matches found"
2022,"Losartan_16.344","Losartan","C22 H23 Cl N6 O","Not the top hit","Full match","Full match",0.06,422.16221,423.16949,16.344,24937189.8779142,5,87,71.4,"DDA for preferred ion","[M+H]+1","4_centrin_a",11655095.1212489,7.7,"1","centrin","itn_cyp_metabolites","Multiple matches found"
2022,"Losartan_16.344","Losartan","C22 H23 Cl N6 O","Not the top hit","Full match","Full match",0.06,422.16221,423.16949,16.344,24937189.8779142,5,87,71.4,"DDA for preferred ion","[M+H]+1","5_centrin_b",8365367.29043266,6.8,"2","centrin","itn_cyp_metabolites","Multiple matches found"
2022,"Losartan_16.344","Losartan","C22 H23 Cl N6 O","Not the top hit","Full match","Full match",0.06,422.16221,423.16949,16.344,24937189.8779142,5,87,71.4,"DDA for preferred ion","[M+H]+1","6_centrin_c",10603687.1291007,7.2,"3","centrin","itn_cyp_metabolites","Multiple matches found"
2022,"Losartan_16.344","Losartan","C22 H23 Cl N6 O","Not the top hit","Full match","Full match",0.06,422.16221,423.16949,16.344,24937189.8779142,5,87,71.4,"DDA for preferred ion","[M+H]+1","13_digester1a",16813040.3103024,8,"1","digesterA","itn_cyp_metabolites","Multiple matches found"
2022,"Losartan_16.344","Losartan","C22 H23 Cl N6 O","Not the top hit","Full match","Full match",0.06,422.16221,423.16949,16.344,24937189.8779142,5,87,71.4,"DDA for preferred ion","[M+H]+1","14_digester1b",24937189.8779142,8,"2","digesterA","itn_cyp_metabolites","Multiple matches found"
2022,"Losartan_16.344","Losartan","C22 H23 Cl N6 O","Not the top hit","Full match","Full match",0.06,422.16221,423.16949,16.344,24937189.8779142,5,87,71.4,"DDA for preferred ion","[M+H]+1","15_digester2a",15914737.137974,8,"1","digesterB","itn_cyp_metabolites","Multiple matches found"
2022,"Losartan_16.344","Losartan","C22 H23 Cl N6 O","Not the top hit","Full match","Full match",0.06,422.16221,423.16949,16.344,24937189.8779142,5,87,71.4,"DDA for preferred ion","[M+H]+1","16_digester2b",10675580.0830789,5.5,"2","digesterB","itn_cyp_metabolites","Multiple matches found"
2022,"Losartan_16.344","Losartan","C22 H23 Cl N6 O","Not the top hit","Full match","Full match",0.06,422.16221,423.16949,16.344,24937189.8779142,5,87,71.4,"DDA for preferred ion","[M+H]+1","17_digester3a",14754828.2990129,7.5,"1","digesterC","itn_cyp_metabolites","Multiple matches found"
2022,"Losartan_16.344","Losartan","C22 H23 Cl N6 O","Not the top hit","Full match","Full match",0.06,422.16221,423.16949,16.344,24937189.8779142,5,87,71.4,"DDA for preferred ion","[M+H]+1","18_digester3b",19206567.9684895,7.5,"2","digesterC","itn_cyp_metabolites","Multiple matches found"
2022,"Losartan_16.344","Losartan","C22 H23 Cl N6 O","Not the top hit","Full match","Full match",0.06,422.16221,423.16949,16.344,24937189.8779142,5,87,71.4,"DDA for preferred ion","[M+H]+1","19_digester4a",14363630.6440552,7.7,"1","digesterD","itn_cyp_metabolites","Multiple matches found"
2022,"Losartan_16.344","Losartan","C22 H23 Cl N6 O","Not the top hit","Full match","Full match",0.06,422.16221,423.16949,16.344,24937189.8779142,5,87,71.4,"DDA for preferred ion","[M+H]+1","20_digester4b",12437241.2293704,7.7,"2","digesterD","itn_cyp_metabolites","Multiple matches found"
2022,"Losartan_16.344","Losartan","C22 H23 Cl N6 O","Not the top hit","Full match","Full match",0.06,422.16221,423.16949,16.344,24937189.8779142,5,87,71.4,"DDA for preferred ion","[M+H]+1","1_feedpump_a",8007499.70309218,6.8,"1","feedpump","itn_cyp_metabolites","Multiple matches found"
2022,"Losartan_16.344","Losartan","C22 H23 Cl N6 O","Not the top hit","Full match","Full match",0.06,422.16221,423.16949,16.344,24937189.8779142,5,87,71.4,"DDA for preferred ion","[M+H]+1","2_feedpump_b",7742012.55552833,7.4,"2","feedpump","itn_cyp_metabolites","Multiple matches found"
2022,"Losartan_16.344","Losartan","C22 H23 Cl N6 O","Not the top hit","Full match","Full match",0.06,422.16221,423.16949,16.344,24937189.8779142,5,87,71.4,"DDA for preferred ion","[M+H]+1","3_feedpump_c",7192174.25772383,6.8,"3","feedpump","itn_cyp_metabolites","Multiple matches found"
2022,"Losartan_16.344","Losartan","C22 H23 Cl N6 O","Not the top hit","Full match","Full match",0.06,422.16221,423.16949,16.344,24937189.8779142,5,87,71.4,"DDA for preferred ion","[M+H]+1","7_newdry_a",8492006.63696158,6.8,"1","newdry","itn_cyp_metabolites","Multiple matches found"
2022,"Losartan_16.344","Losartan","C22 H23 Cl N6 O","Not the top hit","Full match","Full match",0.06,422.16221,423.16949,16.344,24937189.8779142,5,87,71.4,"DDA for preferred ion","[M+H]+1","8_newdry_b",9253396.69025534,7.7,"2","newdry","itn_cyp_metabolites","Multiple matches found"
2022,"Losartan_16.344","Losartan","C22 H23 Cl N6 O","Not the top hit","Full match","Full match",0.06,422.16221,423.16949,16.344,24937189.8779142,5,87,71.4,"DDA for preferred ion","[M+H]+1","9_newdry_c",9748564.41505333,7.2,"3","newdry","itn_cyp_metabolites","Multiple matches found"
2022,"Losartan_16.344","Losartan","C22 H23 Cl N6 O","Not the top hit","Full match","Full match",0.06,422.16221,423.16949,16.344,24937189.8779142,5,87,71.4,"DDA for preferred ion","[M+H]+1","10_olddry_a",11226652.8121005,7.2,"1","olddry","itn_cyp_metabolites","Multiple matches found"
2022,"Losartan_16.344","Losartan","C22 H23 Cl N6 O","Not the top hit","Full match","Full match",0.06,422.16221,423.16949,16.344,24937189.8779142,5,87,71.4,"DDA for preferred ion","[M+H]+1","11_olddry_b",7866535.31373087,6.8,"2","olddry","itn_cyp_metabolites","Multiple matches found"
2022,"Losartan_16.344","Losartan","C22 H23 Cl N6 O","Not the top hit","Full match","Full match",0.06,422.16221,423.16949,16.344,24937189.8779142,5,87,71.4,"DDA for preferred ion","[M+H]+1","12_olddry_c",9623875.2822617,7.2,"3","olddry","itn_cyp_metabolites","Multiple matches found"
2036,"Losartan_16.485","Losartan","C22 H23 Cl N6 O","No match","Full match","Full match",0.11,422.16223,423.16951,16.485,24759294.0521785,6,85.5,69.3,"DDA for preferred ion","[M+H]+1","4_centrin_a",11777290.0691977,8.3,"1","centrin","itn_cyp_metabolites","Multiple matches found"
2036,"Losartan_16.485","Losartan","C22 H23 Cl N6 O","No match","Full match","Full match",0.11,422.16223,423.16951,16.485,24759294.0521785,6,85.5,69.3,"DDA for preferred ion","[M+H]+1","6_centrin_c",9464297.4312867,7.7,"3","centrin","itn_cyp_metabolites","Multiple matches found"
2036,"Losartan_16.485","Losartan","C22 H23 Cl N6 O","No match","Full match","Full match",0.11,422.16223,423.16951,16.485,24759294.0521785,6,85.5,69.3,"DDA for preferred ion","[M+H]+1","13_digester1a",18267760.0292149,8.6,"1","digesterA","itn_cyp_metabolites","Multiple matches found"
2036,"Losartan_16.485","Losartan","C22 H23 Cl N6 O","No match","Full match","Full match",0.11,422.16223,423.16951,16.485,24759294.0521785,6,85.5,69.3,"DDA for preferred ion","[M+H]+1","14_digester1b",24759294.0521785,8.6,"2","digesterA","itn_cyp_metabolites","Multiple matches found"
2036,"Losartan_16.485","Losartan","C22 H23 Cl N6 O","No match","Full match","Full match",0.11,422.16223,423.16951,16.485,24759294.0521785,6,85.5,69.3,"DDA for preferred ion","[M+H]+1","15_digester2a",20849726.054343,9.1,"1","digesterB","itn_cyp_metabolites","Multiple matches found"
2036,"Losartan_16.485","Losartan","C22 H23 Cl N6 O","No match","Full match","Full match",0.11,422.16223,423.16951,16.485,24759294.0521785,6,85.5,69.3,"DDA for preferred ion","[M+H]+1","16_digester2b",10952717.8903749,8.3,"2","digesterB","itn_cyp_metabolites","Multiple matches found"
2036,"Losartan_16.485","Losartan","C22 H23 Cl N6 O","No match","Full match","Full match",0.11,422.16223,423.16951,16.485,24759294.0521785,6,85.5,69.3,"DDA for preferred ion","[M+H]+1","17_digester3a",15355831.0418656,7.5,"1","digesterC","itn_cyp_metabolites","Multiple matches found"
2036,"Losartan_16.485","Losartan","C22 H23 Cl N6 O","No match","Full match","Full match",0.11,422.16223,423.16951,16.485,24759294.0521785,6,85.5,69.3,"DDA for preferred ion","[M+H]+1","18_digester3b",16317424.8225328,8.6,"2","digesterC","itn_cyp_metabolites","Multiple matches found"
2036,"Losartan_16.485","Losartan","C22 H23 Cl N6 O","No match","Full match","Full match",0.11,422.16223,423.16951,16.485,24759294.0521785,6,85.5,69.3,"DDA for preferred ion","[M+H]+1","19_digester4a",14694955.7496287,7.7,"1","digesterD","itn_cyp_metabolites","Multiple matches found"
2036,"Losartan_16.485","Losartan","C22 H23 Cl N6 O","No match","Full match","Full match",0.11,422.16223,423.16951,16.485,24759294.0521785,6,85.5,69.3,"DDA for preferred ion","[M+H]+1","20_digester4b",14042811.3697605,7.7,"2","digesterD","itn_cyp_metabolites","Multiple matches found"
2036,"Losartan_16.485","Losartan","C22 H23 Cl N6 O","No match","Full match","Full match",0.11,422.16223,423.16951,16.485,24759294.0521785,6,85.5,69.3,"DDA for preferred ion","[M+H]+1","1_feedpump_a",5574630.29211036,7.4,"1","feedpump","itn_cyp_metabolites","Multiple matches found"
2036,"Losartan_16.485","Losartan","C22 H23 Cl N6 O","No match","Full match","Full match",0.11,422.16223,423.16951,16.485,24759294.0521785,6,85.5,69.3,"DDA for preferred ion","[M+H]+1","2_feedpump_b",5647383.0215949,7.4,"2","feedpump","itn_cyp_metabolites","Multiple matches found"
2036,"Losartan_16.485","Losartan","C22 H23 Cl N6 O","No match","Full match","Full match",0.11,422.16223,423.16951,16.485,24759294.0521785,6,85.5,69.3,"DDA for preferred ion","[M+H]+1","7_newdry_a",6552454.27799647,5.2,"1","newdry","itn_cyp_metabolites","Multiple matches found"
2036,"Losartan_16.485","Losartan","C22 H23 Cl N6 O","No match","Full match","Full match",0.11,422.16223,423.16951,16.485,24759294.0521785,6,85.5,69.3,"DDA for preferred ion","[M+H]+1","8_newdry_b",8440953.71016411,7.4,"2","newdry","itn_cyp_metabolites","Multiple matches found"
2036,"Losartan_16.485","Losartan","C22 H23 Cl N6 O","No match","Full match","Full match",0.11,422.16223,423.16951,16.485,24759294.0521785,6,85.5,69.3,"DDA for preferred ion","[M+H]+1","9_newdry_c",9345981.40659951,8.3,"3","newdry","itn_cyp_metabolites","Multiple matches found"
2036,"Losartan_16.485","Losartan","C22 H23 Cl N6 O","No match","Full match","Full match",0.11,422.16223,423.16951,16.485,24759294.0521785,6,85.5,69.3,"DDA for preferred ion","[M+H]+1","10_olddry_a",7638057.38765469,7.4,"1","olddry","itn_cyp_metabolites","Multiple matches found"
2036,"Losartan_16.485","Losartan","C22 H23 Cl N6 O","No match","Full match","Full match",0.11,422.16223,423.16951,16.485,24759294.0521785,6,85.5,69.3,"DDA for preferred ion","[M+H]+1","11_olddry_b",7410289.43353586,7.4,"2","olddry","itn_cyp_metabolites","Multiple matches found"
2036,"Losartan_16.485","Losartan","C22 H23 Cl N6 O","No match","Full match","Full match",0.11,422.16223,423.16951,16.485,24759294.0521785,6,85.5,69.3,"DDA for preferred ion","[M+H]+1","12_olddry_c",7827756.20905289,7.4,"3","olddry","itn_cyp_metabolites","Multiple matches found"
4354,"Moxidectin_BTM03194_16.636","Moxidectin_BTM03194","C37 H53 N O9","No match","No results","Full match",-1.91,655.37078,656.37806,16.636,7001891.92417879,0,NA,NA,"DDA for preferred ion","[M+H]+1","17_digester3a",4718258.11942751,7.6,"1","digesterC","itn_cyp_metabolites","Multiple matches found"
4354,"Moxidectin_BTM03194_16.636","Moxidectin_BTM03194","C37 H53 N O9","No match","No results","Full match",-1.91,655.37078,656.37806,16.636,7001891.92417879,0,NA,NA,"DDA for preferred ion","[M+H]+1","18_digester3b",7001891.92417879,7.9,"2","digesterC","itn_cyp_metabolites","Multiple matches found"
4354,"Moxidectin_BTM03194_16.636","Moxidectin_BTM03194","C37 H53 N O9","No match","No results","Full match",-1.91,655.37078,656.37806,16.636,7001891.92417879,0,NA,NA,"DDA for preferred ion","[M+H]+1","19_digester4a",3063775.21022462,8.2,"1","digesterD","itn_cyp_metabolites","Multiple matches found"
4354,"Moxidectin_BTM03194_16.636","Moxidectin_BTM03194","C37 H53 N O9","No match","No results","Full match",-1.91,655.37078,656.37806,16.636,7001891.92417879,0,NA,NA,"DDA for preferred ion","[M+H]+1","20_digester4b",6175046.37317498,7.4,"2","digesterD","itn_cyp_metabolites","Multiple matches found"
4354,"Moxidectin_BTM03194_16.636","Moxidectin_BTM03194","C37 H53 N O9","No match","No results","Full match",-1.91,655.37078,656.37806,16.636,7001891.92417879,0,NA,NA,"DDA for preferred ion","[M+H]+1","7_newdry_a",6231473.60302319,7.4,"1","newdry","itn_cyp_metabolites","Multiple matches found"
4354,"Moxidectin_BTM03194_16.636","Moxidectin_BTM03194","C37 H53 N O9","No match","No results","Full match",-1.91,655.37078,656.37806,16.636,7001891.92417879,0,NA,NA,"DDA for preferred ion","[M+H]+1","8_newdry_b",5727678.14309993,7.4,"2","newdry","itn_cyp_metabolites","Multiple matches found"
5112,"Mucidin_BTM03176_22.466","Mucidin_BTM03176","C16 H18 O4","Not the top hit","Partial match","Full match",-0.07,274.12049,275.12777,22.466,3717755.21944499,4,74.9,47.1,"DDA for preferred ion","[M+H]+1","10_olddry_a",3423862.92722574,7.6,"1","olddry","itn_cyp_metabolites","Multiple matches found"
5112,"Mucidin_BTM03176_22.466","Mucidin_BTM03176","C16 H18 O4","Not the top hit","Partial match","Full match",-0.07,274.12049,275.12777,22.466,3717755.21944499,4,74.9,47.1,"DDA for preferred ion","[M+H]+1","11_olddry_b",3329197.26202912,5.4,"2","olddry","itn_cyp_metabolites","Multiple matches found"
5112,"Mucidin_BTM03176_22.466","Mucidin_BTM03176","C16 H18 O4","Not the top hit","Partial match","Full match",-0.07,274.12049,275.12777,22.466,3717755.21944499,4,74.9,47.1,"DDA for preferred ion","[M+H]+1","12_olddry_c",2968806.59100327,8.2,"3","olddry","itn_cyp_metabolites","Multiple matches found"
5054,"Mucidin_BTM03176_22.621","Mucidin_BTM03176","C16 H18 O4","No match","Partial match","Full match",-0.07,274.12049,275.12777,22.621,3995582.55200896,4,74.8,47,"DDA for preferred ion","[M+H]+1","10_olddry_a",3440792.96747204,8.2,"1","olddry","itn_cyp_metabolites","Multiple matches found"
5054,"Mucidin_BTM03176_22.621","Mucidin_BTM03176","C16 H18 O4","No match","Partial match","Full match",-0.07,274.12049,275.12777,22.621,3995582.55200896,4,74.8,47,"DDA for preferred ion","[M+H]+1","12_olddry_c",3995582.55200896,7.1,"3","olddry","itn_cyp_metabolites","Multiple matches found"
671,"Nadifloxacin_BTM04326_18.645","Nadifloxacin_BTM04326","C19 H20 F N2 O4","No match","Invalid mass","Full match",4.67,359.14239,360.14966,18.645,82454788.3866668,10,78.9,8.9,"DDA for preferred ion","[M+H]+1","4_centrin_a",5279979.11089759,9,"1","centrin","itn_cyp_metabolites","Single match found"
671,"Nadifloxacin_BTM04326_18.645","Nadifloxacin_BTM04326","C19 H20 F N2 O4","No match","Invalid mass","Full match",4.67,359.14239,360.14966,18.645,82454788.3866668,10,78.9,8.9,"DDA for preferred ion","[M+H]+1","5_centrin_b",12136054.4589162,8.3,"2","centrin","itn_cyp_metabolites","Single match found"
671,"Nadifloxacin_BTM04326_18.645","Nadifloxacin_BTM04326","C19 H20 F N2 O4","No match","Invalid mass","Full match",4.67,359.14239,360.14966,18.645,82454788.3866668,10,78.9,8.9,"DDA for preferred ion","[M+H]+1","7_newdry_a",863275.697402185,8.2,"1","newdry","itn_cyp_metabolites","Single match found"
671,"Nadifloxacin_BTM04326_18.645","Nadifloxacin_BTM04326","C19 H20 F N2 O4","No match","Invalid mass","Full match",4.67,359.14239,360.14966,18.645,82454788.3866668,10,78.9,8.9,"DDA for preferred ion","[M+H]+1","8_newdry_b",3031506.90088784,7.6,"2","newdry","itn_cyp_metabolites","Single match found"
671,"Nadifloxacin_BTM04326_18.645","Nadifloxacin_BTM04326","C19 H20 F N2 O4","No match","Invalid mass","Full match",4.67,359.14239,360.14966,18.645,82454788.3866668,10,78.9,8.9,"DDA for preferred ion","[M+H]+1","9_newdry_c",8970244.59715853,7.2,"3","newdry","itn_cyp_metabolites","Single match found"
2449,"Nandrolone_17.554","Nandrolone","C18 H26 O2","Full match","Partial match","Full match",0.13,274.19332,275.20059,17.554,19496075.724926,3,90.8,82.7,"DDA for preferred ion","[M+H]+1","7_newdry_a",16249903.4099943,7,"1","newdry","itn_cyp_metabolites","Multiple matches found"
2449,"Nandrolone_17.554","Nandrolone","C18 H26 O2","Full match","Partial match","Full match",0.13,274.19332,275.20059,17.554,19496075.724926,3,90.8,82.7,"DDA for preferred ion","[M+H]+1","8_newdry_b",19424099.1811357,5.9,"2","newdry","itn_cyp_metabolites","Multiple matches found"
2449,"Nandrolone_17.554","Nandrolone","C18 H26 O2","Full match","Partial match","Full match",0.13,274.19332,275.20059,17.554,19496075.724926,3,90.8,82.7,"DDA for preferred ion","[M+H]+1","9_newdry_c",19496075.724926,6.4,"3","newdry","itn_cyp_metabolites","Multiple matches found"
4298,"Nandrolone_18.374","Nandrolone","C18 H26 O2","Not the top hit","Partial match","Full match",0.22,274.19334,275.20062,18.374,7333384.08163285,3,85.9,79.5,"DDA for preferred ion","[M+H]+1","8_newdry_b",1428635.57909911,7.6,"2","newdry","itn_cyp_metabolites","Multiple matches found"
4298,"Nandrolone_18.374","Nandrolone","C18 H26 O2","Not the top hit","Partial match","Full match",0.22,274.19334,275.20062,18.374,7333384.08163285,3,85.9,79.5,"DDA for preferred ion","[M+H]+1","9_newdry_c",1151628.77955065,6.5,"3","newdry","itn_cyp_metabolites","Multiple matches found"
2431,"Pirlimycin_22.416","Pirlimycin","C17 H31 Cl N2 O5 S","No match","Invalid mass","Full match",1.27,410.16474,411.17202,22.416,19686407.3638384,2,78.7,59.9,"DDA for preferred ion","[M+H]+1","4_centrin_a",10829272.2433309,7.2,"1","centrin","itn_cyp_metabolites","Single match found"
2431,"Pirlimycin_22.416","Pirlimycin","C17 H31 Cl N2 O5 S","No match","Invalid mass","Full match",1.27,410.16474,411.17202,22.416,19686407.3638384,2,78.7,59.9,"DDA for preferred ion","[M+H]+1","5_centrin_b",11868541.4313482,8.3,"2","centrin","itn_cyp_metabolites","Single match found"
2431,"Pirlimycin_22.416","Pirlimycin","C17 H31 Cl N2 O5 S","No match","Invalid mass","Full match",1.27,410.16474,411.17202,22.416,19686407.3638384,2,78.7,59.9,"DDA for preferred ion","[M+H]+1","6_centrin_c",10239398.1704252,8.3,"3","centrin","itn_cyp_metabolites","Single match found"
2431,"Pirlimycin_22.416","Pirlimycin","C17 H31 Cl N2 O5 S","No match","Invalid mass","Full match",1.27,410.16474,411.17202,22.416,19686407.3638384,2,78.7,59.9,"DDA for preferred ion","[M+H]+1","13_digester1a",16787145.6817579,8,"1","digesterA","itn_cyp_metabolites","Single match found"
2431,"Pirlimycin_22.416","Pirlimycin","C17 H31 Cl N2 O5 S","No match","Invalid mass","Full match",1.27,410.16474,411.17202,22.416,19686407.3638384,2,78.7,59.9,"DDA for preferred ion","[M+H]+1","14_digester1b",19686407.3638384,8,"2","digesterA","itn_cyp_metabolites","Single match found"
2431,"Pirlimycin_22.416","Pirlimycin","C17 H31 Cl N2 O5 S","No match","Invalid mass","Full match",1.27,410.16474,411.17202,22.416,19686407.3638384,2,78.7,59.9,"DDA for preferred ion","[M+H]+1","15_digester2a",14770363.5408774,8,"1","digesterB","itn_cyp_metabolites","Single match found"
2431,"Pirlimycin_22.416","Pirlimycin","C17 H31 Cl N2 O5 S","No match","Invalid mass","Full match",1.27,410.16474,411.17202,22.416,19686407.3638384,2,78.7,59.9,"DDA for preferred ion","[M+H]+1","16_digester2b",14177754.1722811,7.7,"2","digesterB","itn_cyp_metabolites","Single match found"
2431,"Pirlimycin_22.416","Pirlimycin","C17 H31 Cl N2 O5 S","No match","Invalid mass","Full match",1.27,410.16474,411.17202,22.416,19686407.3638384,2,78.7,59.9,"DDA for preferred ion","[M+H]+1","17_digester3a",13241603.6865576,8.3,"1","digesterC","itn_cyp_metabolites","Single match found"
2431,"Pirlimycin_22.416","Pirlimycin","C17 H31 Cl N2 O5 S","No match","Invalid mass","Full match",1.27,410.16474,411.17202,22.416,19686407.3638384,2,78.7,59.9,"DDA for preferred ion","[M+H]+1","18_digester3b",10988027.0622967,8.3,"2","digesterC","itn_cyp_metabolites","Single match found"
2431,"Pirlimycin_22.416","Pirlimycin","C17 H31 Cl N2 O5 S","No match","Invalid mass","Full match",1.27,410.16474,411.17202,22.416,19686407.3638384,2,78.7,59.9,"DDA for preferred ion","[M+H]+1","19_digester4a",12481093.367002,8.8,"1","digesterD","itn_cyp_metabolites","Single match found"
2431,"Pirlimycin_22.416","Pirlimycin","C17 H31 Cl N2 O5 S","No match","Invalid mass","Full match",1.27,410.16474,411.17202,22.416,19686407.3638384,2,78.7,59.9,"DDA for preferred ion","[M+H]+1","20_digester4b",11145888.2803768,8.3,"2","digesterD","itn_cyp_metabolites","Single match found"
2431,"Pirlimycin_22.416","Pirlimycin","C17 H31 Cl N2 O5 S","No match","Invalid mass","Full match",1.27,410.16474,411.17202,22.416,19686407.3638384,2,78.7,59.9,"DDA for preferred ion","[M+H]+1","1_feedpump_a",5536599.29063886,7.9,"1","feedpump","itn_cyp_metabolites","Single match found"
2431,"Pirlimycin_22.416","Pirlimycin","C17 H31 Cl N2 O5 S","No match","Invalid mass","Full match",1.27,410.16474,411.17202,22.416,19686407.3638384,2,78.7,59.9,"DDA for preferred ion","[M+H]+1","2_feedpump_b",6076304.31430386,7.4,"2","feedpump","itn_cyp_metabolites","Single match found"
2431,"Pirlimycin_22.416","Pirlimycin","C17 H31 Cl N2 O5 S","No match","Invalid mass","Full match",1.27,410.16474,411.17202,22.416,19686407.3638384,2,78.7,59.9,"DDA for preferred ion","[M+H]+1","3_feedpump_c",5208435.11219954,7.9,"3","feedpump","itn_cyp_metabolites","Single match found"
2431,"Pirlimycin_22.416","Pirlimycin","C17 H31 Cl N2 O5 S","No match","Invalid mass","Full match",1.27,410.16474,411.17202,22.416,19686407.3638384,2,78.7,59.9,"DDA for preferred ion","[M+H]+1","7_newdry_a",16224414.2257004,8,"1","newdry","itn_cyp_metabolites","Single match found"
2431,"Pirlimycin_22.416","Pirlimycin","C17 H31 Cl N2 O5 S","No match","Invalid mass","Full match",1.27,410.16474,411.17202,22.416,19686407.3638384,2,78.7,59.9,"DDA for preferred ion","[M+H]+1","8_newdry_b",11952778.1293504,8.3,"2","newdry","itn_cyp_metabolites","Single match found"
2431,"Pirlimycin_22.416","Pirlimycin","C17 H31 Cl N2 O5 S","No match","Invalid mass","Full match",1.27,410.16474,411.17202,22.416,19686407.3638384,2,78.7,59.9,"DDA for preferred ion","[M+H]+1","9_newdry_c",13718827.7017568,7.7,"3","newdry","itn_cyp_metabolites","Single match found"
2431,"Pirlimycin_22.416","Pirlimycin","C17 H31 Cl N2 O5 S","No match","Invalid mass","Full match",1.27,410.16474,411.17202,22.416,19686407.3638384,2,78.7,59.9,"DDA for preferred ion","[M+H]+1","10_olddry_a",16605974.8869991,8.6,"1","olddry","itn_cyp_metabolites","Single match found"
2431,"Pirlimycin_22.416","Pirlimycin","C17 H31 Cl N2 O5 S","No match","Invalid mass","Full match",1.27,410.16474,411.17202,22.416,19686407.3638384,2,78.7,59.9,"DDA for preferred ion","[M+H]+1","11_olddry_b",15757600.3023231,8,"2","olddry","itn_cyp_metabolites","Single match found"
2431,"Pirlimycin_22.416","Pirlimycin","C17 H31 Cl N2 O5 S","No match","Invalid mass","Full match",1.27,410.16474,411.17202,22.416,19686407.3638384,2,78.7,59.9,"DDA for preferred ion","[M+H]+1","12_olddry_c",14665520.2055654,8.8,"3","olddry","itn_cyp_metabolites","Single match found"
3352,"Pirlimycin_22.542","Pirlimycin","C17 H31 Cl N2 O5 S","No match","Invalid mass","Full match",1.29,410.16475,411.17203,22.542,12037900.6987629,7,76.6,72.7,"DDA for preferred ion","[M+H]+1","4_centrin_a",6820682.42268964,6.8,"1","centrin","itn_cyp_metabolites","Single match found"
3352,"Pirlimycin_22.542","Pirlimycin","C17 H31 Cl N2 O5 S","No match","Invalid mass","Full match",1.29,410.16475,411.17203,22.542,12037900.6987629,7,76.6,72.7,"DDA for preferred ion","[M+H]+1","5_centrin_b",7270545.70615315,6.8,"2","centrin","itn_cyp_metabolites","Single match found"
3352,"Pirlimycin_22.542","Pirlimycin","C17 H31 Cl N2 O5 S","No match","Invalid mass","Full match",1.29,410.16475,411.17203,22.542,12037900.6987629,7,76.6,72.7,"DDA for preferred ion","[M+H]+1","6_centrin_c",6446685.44629977,6.8,"3","centrin","itn_cyp_metabolites","Single match found"
3352,"Pirlimycin_22.542","Pirlimycin","C17 H31 Cl N2 O5 S","No match","Invalid mass","Full match",1.29,410.16475,411.17203,22.542,12037900.6987629,7,76.6,72.7,"DDA for preferred ion","[M+H]+1","13_digester1a",11510286.6698356,6.6,"1","digesterA","itn_cyp_metabolites","Single match found"
3352,"Pirlimycin_22.542","Pirlimycin","C17 H31 Cl N2 O5 S","No match","Invalid mass","Full match",1.29,410.16475,411.17203,22.542,12037900.6987629,7,76.6,72.7,"DDA for preferred ion","[M+H]+1","14_digester1b",11919004.2569581,7.7,"2","digesterA","itn_cyp_metabolites","Single match found"
3352,"Pirlimycin_22.542","Pirlimycin","C17 H31 Cl N2 O5 S","No match","Invalid mass","Full match",1.29,410.16475,411.17203,22.542,12037900.6987629,7,76.6,72.7,"DDA for preferred ion","[M+H]+1","15_digester2a",9387088.60168711,6.1,"1","digesterB","itn_cyp_metabolites","Single match found"
3352,"Pirlimycin_22.542","Pirlimycin","C17 H31 Cl N2 O5 S","No match","Invalid mass","Full match",1.29,410.16475,411.17203,22.542,12037900.6987629,7,76.6,72.7,"DDA for preferred ion","[M+H]+1","16_digester2b",8393752.9054336,7.4,"2","digesterB","itn_cyp_metabolites","Single match found"
3352,"Pirlimycin_22.542","Pirlimycin","C17 H31 Cl N2 O5 S","No match","Invalid mass","Full match",1.29,410.16475,411.17203,22.542,12037900.6987629,7,76.6,72.7,"DDA for preferred ion","[M+H]+1","17_digester3a",8860600.00312341,7.7,"1","digesterC","itn_cyp_metabolites","Single match found"
3352,"Pirlimycin_22.542","Pirlimycin","C17 H31 Cl N2 O5 S","No match","Invalid mass","Full match",1.29,410.16475,411.17203,22.542,12037900.6987629,7,76.6,72.7,"DDA for preferred ion","[M+H]+1","18_digester3b",7065505.62313209,5.8,"2","digesterC","itn_cyp_metabolites","Single match found"
3352,"Pirlimycin_22.542","Pirlimycin","C17 H31 Cl N2 O5 S","No match","Invalid mass","Full match",1.29,410.16475,411.17203,22.542,12037900.6987629,7,76.6,72.7,"DDA for preferred ion","[M+H]+1","19_digester4a",8607569.34942223,7.7,"1","digesterD","itn_cyp_metabolites","Single match found"
3352,"Pirlimycin_22.542","Pirlimycin","C17 H31 Cl N2 O5 S","No match","Invalid mass","Full match",1.29,410.16475,411.17203,22.542,12037900.6987629,7,76.6,72.7,"DDA for preferred ion","[M+H]+1","20_digester4b",8414330.40301393,7.4,"2","digesterD","itn_cyp_metabolites","Single match found"
3352,"Pirlimycin_22.542","Pirlimycin","C17 H31 Cl N2 O5 S","No match","Invalid mass","Full match",1.29,410.16475,411.17203,22.542,12037900.6987629,7,76.6,72.7,"DDA for preferred ion","[M+H]+1","7_newdry_a",10946609.785131,7.7,"1","newdry","itn_cyp_metabolites","Single match found"
3352,"Pirlimycin_22.542","Pirlimycin","C17 H31 Cl N2 O5 S","No match","Invalid mass","Full match",1.29,410.16475,411.17203,22.542,12037900.6987629,7,76.6,72.7,"DDA for preferred ion","[M+H]+1","8_newdry_b",8211385.02199125,6.8,"2","newdry","itn_cyp_metabolites","Single match found"
3352,"Pirlimycin_22.542","Pirlimycin","C17 H31 Cl N2 O5 S","No match","Invalid mass","Full match",1.29,410.16475,411.17203,22.542,12037900.6987629,7,76.6,72.7,"DDA for preferred ion","[M+H]+1","9_newdry_c",9372938.06241999,6.6,"3","newdry","itn_cyp_metabolites","Single match found"
3352,"Pirlimycin_22.542","Pirlimycin","C17 H31 Cl N2 O5 S","No match","Invalid mass","Full match",1.29,410.16475,411.17203,22.542,12037900.6987629,7,76.6,72.7,"DDA for preferred ion","[M+H]+1","10_olddry_a",12037900.6987629,7.7,"1","olddry","itn_cyp_metabolites","Single match found"
3352,"Pirlimycin_22.542","Pirlimycin","C17 H31 Cl N2 O5 S","No match","Invalid mass","Full match",1.29,410.16475,411.17203,22.542,12037900.6987629,7,76.6,72.7,"DDA for preferred ion","[M+H]+1","11_olddry_b",10070500.7020255,7.7,"2","olddry","itn_cyp_metabolites","Single match found"
3352,"Pirlimycin_22.542","Pirlimycin","C17 H31 Cl N2 O5 S","No match","Invalid mass","Full match",1.29,410.16475,411.17203,22.542,12037900.6987629,7,76.6,72.7,"DDA for preferred ion","[M+H]+1","12_olddry_c",9187427.21420128,7.2,"3","olddry","itn_cyp_metabolites","Single match found"
3759,"Pirlimycin_22.633","Pirlimycin","C17 H31 Cl N2 O5 S","No match","Invalid mass","Full match",1.31,410.16476,411.17203,22.633,9883231.9467466,1,70.3,48.5,"DDA for preferred ion","[M+H]+1","13_digester1a",8443393.90562119,7.4,"1","digesterA","itn_cyp_metabolites","Single match found"
3759,"Pirlimycin_22.633","Pirlimycin","C17 H31 Cl N2 O5 S","No match","Invalid mass","Full match",1.31,410.16476,411.17203,22.633,9883231.9467466,1,70.3,48.5,"DDA for preferred ion","[M+H]+1","14_digester1b",9883231.9467466,7.7,"2","digesterA","itn_cyp_metabolites","Single match found"
3284,"Propylparaben_20.943","Propylparaben","C10 H12 O3","Not the top hit","Partial match","Full match",0.01,180.07865,181.08592,20.943,12474925.4390924,3,84.5,67.9,"DDA for preferred ion","[M+H]+1","4_centrin_a",5659675.761535,5.8,"1","centrin","itn_cyp_metabolites","Single match found"
3284,"Propylparaben_20.943","Propylparaben","C10 H12 O3","Not the top hit","Partial match","Full match",0.01,180.07865,181.08592,20.943,12474925.4390924,3,84.5,67.9,"DDA for preferred ion","[M+H]+1","5_centrin_b",8787137.97828593,6.1,"2","centrin","itn_cyp_metabolites","Single match found"
3284,"Propylparaben_20.943","Propylparaben","C10 H12 O3","Not the top hit","Partial match","Full match",0.01,180.07865,181.08592,20.943,12474925.4390924,3,84.5,67.9,"DDA for preferred ion","[M+H]+1","6_centrin_c",6902939.79140289,7.9,"3","centrin","itn_cyp_metabolites","Single match found"
3284,"Propylparaben_20.943","Propylparaben","C10 H12 O3","Not the top hit","Partial match","Full match",0.01,180.07865,181.08592,20.943,12474925.4390924,3,84.5,67.9,"DDA for preferred ion","[M+H]+1","13_digester1a",3755211.93402087,7.1,"1","digesterA","itn_cyp_metabolites","Single match found"
3284,"Propylparaben_20.943","Propylparaben","C10 H12 O3","Not the top hit","Partial match","Full match",0.01,180.07865,181.08592,20.943,12474925.4390924,3,84.5,67.9,"DDA for preferred ion","[M+H]+1","14_digester1b",3680200.98462036,6.5,"2","digesterA","itn_cyp_metabolites","Single match found"
3284,"Propylparaben_20.943","Propylparaben","C10 H12 O3","Not the top hit","Partial match","Full match",0.01,180.07865,181.08592,20.943,12474925.4390924,3,84.5,67.9,"DDA for preferred ion","[M+H]+1","1_feedpump_a",10256481.468593,6.1,"1","feedpump","itn_cyp_metabolites","Single match found"
3284,"Propylparaben_20.943","Propylparaben","C10 H12 O3","Not the top hit","Partial match","Full match",0.01,180.07865,181.08592,20.943,12474925.4390924,3,84.5,67.9,"DDA for preferred ion","[M+H]+1","2_feedpump_b",12474925.4390924,6.1,"2","feedpump","itn_cyp_metabolites","Single match found"
3284,"Propylparaben_20.943","Propylparaben","C10 H12 O3","Not the top hit","Partial match","Full match",0.01,180.07865,181.08592,20.943,12474925.4390924,3,84.5,67.9,"DDA for preferred ion","[M+H]+1","7_newdry_a",4079240.22471123,7.6,"1","newdry","itn_cyp_metabolites","Single match found"
3284,"Propylparaben_20.943","Propylparaben","C10 H12 O3","Not the top hit","Partial match","Full match",0.01,180.07865,181.08592,20.943,12474925.4390924,3,84.5,67.9,"DDA for preferred ion","[M+H]+1","8_newdry_b",3776164.47962702,5.4,"2","newdry","itn_cyp_metabolites","Single match found"
3284,"Propylparaben_20.943","Propylparaben","C10 H12 O3","Not the top hit","Partial match","Full match",0.01,180.07865,181.08592,20.943,12474925.4390924,3,84.5,67.9,"DDA for preferred ion","[M+H]+1","11_olddry_b",5311377.0399908,6.3,"2","olddry","itn_cyp_metabolites","Single match found"
3284,"Propylparaben_20.943","Propylparaben","C10 H12 O3","Not the top hit","Partial match","Full match",0.01,180.07865,181.08592,20.943,12474925.4390924,3,84.5,67.9,"DDA for preferred ion","[M+H]+1","12_olddry_c",5113054.10911774,5.8,"3","olddry","itn_cyp_metabolites","Single match found"
1754,"Talmetoprim_BTM03332_14.146","Talmetoprim_BTM03332","C21 H18 N4 O5","No match","No results","Full match",4.49,406.12954,407.13682,14.146,30276710.0779558,0,NA,NA,"DDA for preferred ion","[M+H]+1","11_olddry_b",22916447.5354552,5.3,"2","olddry","itn_cyp_metabolites","Multiple matches found"
1754,"Talmetoprim_BTM03332_14.146","Talmetoprim_BTM03332","C21 H18 N4 O5","No match","No results","Full match",4.49,406.12954,407.13682,14.146,30276710.0779558,0,NA,NA,"DDA for preferred ion","[M+H]+1","12_olddry_c",30276710.0779558,5.9,"3","olddry","itn_cyp_metabolites","Multiple matches found"
1931,"Talmetoprim_BTM03332_16.088","Talmetoprim_BTM03332","C21 H18 N4 O5","No match","No results","Full match",4.66,406.12961,407.13689,16.088,26831413.2445843,0,NA,NA,"DDA for preferred ion","[M+H]+1","10_olddry_a",19303166.1659296,5.3,"1","olddry","itn_cyp_metabolites","Multiple matches found"
1931,"Talmetoprim_BTM03332_16.088","Talmetoprim_BTM03332","C21 H18 N4 O5","No match","No results","Full match",4.66,406.12961,407.13689,16.088,26831413.2445843,0,NA,NA,"DDA for preferred ion","[M+H]+1","12_olddry_c",26831413.2445843,5.3,"3","olddry","itn_cyp_metabolites","Multiple matches found"
2917,"Tamoxifen_BTM03704_22.835","Tamoxifen_BTM03704","C22 H20 O","Not the top hit","Invalid mass","Full match",0.52,300.15157,301.15885,22.835,15096963.13358,1,61.5,42.8,"DDA for preferred ion","[M+H]+1","4_centrin_a",8681473.88832159,7.2,"1","centrin","itn_cyp_metabolites","Single match found"
2917,"Tamoxifen_BTM03704_22.835","Tamoxifen_BTM03704","C22 H20 O","Not the top hit","Invalid mass","Full match",0.52,300.15157,301.15885,22.835,15096963.13358,1,61.5,42.8,"DDA for preferred ion","[M+H]+1","5_centrin_b",6578435.86718497,5.8,"2","centrin","itn_cyp_metabolites","Single match found"
2917,"Tamoxifen_BTM03704_22.835","Tamoxifen_BTM03704","C22 H20 O","Not the top hit","Invalid mass","Full match",0.52,300.15157,301.15885,22.835,15096963.13358,1,61.5,42.8,"DDA for preferred ion","[M+H]+1","6_centrin_c",6616813.08925259,7.4,"3","centrin","itn_cyp_metabolites","Single match found"
2917,"Tamoxifen_BTM03704_22.835","Tamoxifen_BTM03704","C22 H20 O","Not the top hit","Invalid mass","Full match",0.52,300.15157,301.15885,22.835,15096963.13358,1,61.5,42.8,"DDA for preferred ion","[M+H]+1","15_digester2a",7580197.67032831,5.8,"1","digesterB","itn_cyp_metabolites","Single match found"
2917,"Tamoxifen_BTM03704_22.835","Tamoxifen_BTM03704","C22 H20 O","Not the top hit","Invalid mass","Full match",0.52,300.15157,301.15885,22.835,15096963.13358,1,61.5,42.8,"DDA for preferred ion","[M+H]+1","16_digester2b",8560419.58642454,6.1,"2","digesterB","itn_cyp_metabolites","Single match found"
2917,"Tamoxifen_BTM03704_22.835","Tamoxifen_BTM03704","C22 H20 O","Not the top hit","Invalid mass","Full match",0.52,300.15157,301.15885,22.835,15096963.13358,1,61.5,42.8,"DDA for preferred ion","[M+H]+1","1_feedpump_a",10666879.0206378,6.1,"1","feedpump","itn_cyp_metabolites","Single match found"
2917,"Tamoxifen_BTM03704_22.835","Tamoxifen_BTM03704","C22 H20 O","Not the top hit","Invalid mass","Full match",0.52,300.15157,301.15885,22.835,15096963.13358,1,61.5,42.8,"DDA for preferred ion","[M+H]+1","2_feedpump_b",4079325.19267417,6,"2","feedpump","itn_cyp_metabolites","Single match found"
2917,"Tamoxifen_BTM03704_22.835","Tamoxifen_BTM03704","C22 H20 O","Not the top hit","Invalid mass","Full match",0.52,300.15157,301.15885,22.835,15096963.13358,1,61.5,42.8,"DDA for preferred ion","[M+H]+1","7_newdry_a",6217495.19614719,5.8,"1","newdry","itn_cyp_metabolites","Single match found"
2917,"Tamoxifen_BTM03704_22.835","Tamoxifen_BTM03704","C22 H20 O","Not the top hit","Invalid mass","Full match",0.52,300.15157,301.15885,22.835,15096963.13358,1,61.5,42.8,"DDA for preferred ion","[M+H]+1","8_newdry_b",5828876.30942349,5.2,"2","newdry","itn_cyp_metabolites","Single match found"
2917,"Tamoxifen_BTM03704_22.835","Tamoxifen_BTM03704","C22 H20 O","Not the top hit","Invalid mass","Full match",0.52,300.15157,301.15885,22.835,15096963.13358,1,61.5,42.8,"DDA for preferred ion","[M+H]+1","10_olddry_a",7896551.39373079,5.2,"1","olddry","itn_cyp_metabolites","Single match found"
2917,"Tamoxifen_BTM03704_22.835","Tamoxifen_BTM03704","C22 H20 O","Not the top hit","Invalid mass","Full match",0.52,300.15157,301.15885,22.835,15096963.13358,1,61.5,42.8,"DDA for preferred ion","[M+H]+1","11_olddry_b",8733728.51366445,6.6,"2","olddry","itn_cyp_metabolites","Single match found"
2917,"Tamoxifen_BTM03704_22.835","Tamoxifen_BTM03704","C22 H20 O","Not the top hit","Invalid mass","Full match",0.52,300.15157,301.15885,22.835,15096963.13358,1,61.5,42.8,"DDA for preferred ion","[M+H]+1","12_olddry_c",10347579.3990403,6.6,"3","olddry","itn_cyp_metabolites","Single match found"
407,"Tetracycline_17.28","Tetracycline","C22 H24 N2 O8","Not the top hit","Partial match","Full match",0.13,444.15332,445.1606,17.28,130097007.253338,3,81,63.1,"DDA for preferred ion","[M+H]+1","13_digester1a",111986215.602266,6.7,"1","digesterA","itn_cyp_metabolites","Multiple matches found"
407,"Tetracycline_17.28","Tetracycline","C22 H24 N2 O8","Not the top hit","Partial match","Full match",0.13,444.15332,445.1606,17.28,130097007.253338,3,81,63.1,"DDA for preferred ion","[M+H]+1","14_digester1b",130097007.253338,6.7,"2","digesterA","itn_cyp_metabolites","Multiple matches found"
895,"Zimeldine_1.558","Zimeldine","C16 H17 Br N2","No match","No results","Full match",0.76,316.05775,317.06503,1.558,60342324.160733,0,NA,NA,"DDA for preferred ion","[M+H]+1","19_digester4a",28404981.9405371,7.5,"1","digesterD","itn_cyp_metabolites","Multiple matches found"
895,"Zimeldine_1.558","Zimeldine","C16 H17 Br N2","No match","No results","Full match",0.76,316.05775,317.06503,1.558,60342324.160733,0,NA,NA,"DDA for preferred ion","[M+H]+1","20_digester4b",11745848.9472415,6.6,"2","digesterD","itn_cyp_metabolites","Multiple matches found"
