"name","mass_list_name","mean_area","sample_location"
"(S)-(-)-Cathinone","kps_psychoactive_substances_v2",2628955.3211631,"francistown wwtp surface water"
"(S)-(-)-Cathinone","kps_psychoactive_substances_v2",2192107.95262337,"kasane wwtp (overflow) surface water"
"(S)-(-)-Cathinone","kps_psychoactive_substances_v2",607955.603411351,"kasane (main) surface water"
"1,3-Indandione","kps_psychoactive_substances_v2",2794421.91619316,"kasane wwtp (overflow) surface water"
"1,3-Indandione","kps_psychoactive_substances_v2",657789.981040617,"maun beach (before) surface water"
"1-Androstenedione","kps_psychoactive_substances_v2",2796419.37608217,"palapye wwtp (eff) waste water"
"1-Androstenedione","kps_psychoactive_substances_v2",4067615.48017047,"palapye wwtp surface water"
"1-Phenylacetone","kps_psychoactive_substances_v2",1689249.83024868,"palapye wwtp surface water"
"1-Phenylacetone","kps_psychoactive_substances_v2",2008691.33718946,"glen valley (reclamation) surface water"
"1-pentylindole","kps_psychoactive_substances_v2",5288611.41870025,"glen valley (reclamation) surface water"
"17-Methyltestosterone","kps_psychoactive_substances_v2",365024.934867239,"lecheng stream surface water"
"17-Methyltestosterone","kps_psychoactive_substances_v2",7532480.89981767,"lecheng spring surface water"
"17-Methyltestosterone","kps_psychoactive_substances_v2",5635610.62597502,"palapye wwtp (eff) waste water"
"17-Methyltestosterone","kps_psychoactive_substances_v2",6826367.32736372,"palapye wwtp surface water"
"17-Methyltestosterone","kps_psychoactive_substances_v2",10574285.7456997,"lotsane dam surface water"
"17-Methyltestosterone","kps_psychoactive_substances_v2",3003300.37630767,"francistown wwtp surface water"
"17-Methyltestosterone","kps_psychoactive_substances_v2",990166.695408181,"kasane wwtp (main) surface water"
"17-Methyltestosterone","kps_psychoactive_substances_v2",816908.192937226,"maun beach (after) surface water"
"17-Methyltestosterone","kps_psychoactive_substances_v2",3000565.40035638,"maun wwtp (main) waste water"
"17-Methyltestosterone","kps_psychoactive_substances_v2",1223989.59051506,"glen valley (recreational) surface water"
"17beta-Trenbolone","kps_psychoactive_substances_v2",2113939.52241485,"palapye wwtp (eff) waste water"
"17beta-Trenbolone","kps_psychoactive_substances_v2",2256884.94734502,"palapye wwtp surface water"
"17beta-Trenbolone","kps_psychoactive_substances_v2",1302898.76439567,"kasane wwtp (main) surface water"
"17beta-Trenbolone","kps_psychoactive_substances_v2",524805.601774734,"maun beach (before) surface water"
"17beta-Trenbolone","kps_psychoactive_substances_v2",1392034.89686855,"maun beach (after) surface water"
"17beta-Trenbolone","kps_psychoactive_substances_v2",2001937.26824841,"glen valley (reclamation) surface water"
"17beta-Trenbolone","kps_psychoactive_substances_v2",1334198.33059972,"glen valley (recreational) surface water"
"2,4,5-TRIMEO AMPHETAMINE","kps_psychoactive_substances_v2",996547.784484857,"kasane wwtp (overflow) surface water"
"2,4-Di-tert-butylphenol","kps_psychoactive_substances_v2",3152671.29663703,"maun wwtp (main) waste water"
"2-Acetylphenyl 4-methylbenzenesulfonate","kps_psychoactive_substances_v2",904085.21798893,"palapye wwtp (eff) waste water"
"2-Acetylphenyl 4-methylbenzenesulfonate","kps_psychoactive_substances_v2",839418.25668021,"palapye wwtp surface water"
"2-Acetylphenyl 4-methylbenzenesulfonate","kps_psychoactive_substances_v2",228621.260754574,"lotsane dam surface water"
"2-Acetylphenyl 4-methylbenzenesulfonate","kps_psychoactive_substances_v2",1288423.84715099,"francistown wwtp surface water"
"2-Acetylphenyl 4-methylbenzenesulfonate","kps_psychoactive_substances_v2",470175.754174301,"kasane (recreational) surface water"
"2-Ethylamino-1-(3,4-methylenedioxyphenyl)propan-1-one","kps_psychoactive_substances_v2",3957362.42723324,"palapye wwtp (eff) waste water"
"2-Ethylamino-1-(3,4-methylenedioxyphenyl)propan-1-one","kps_psychoactive_substances_v2",3045252.72749365,"palapye wwtp surface water"
"2-Ethylamino-1-(3,4-methylenedioxyphenyl)propan-1-one","kps_psychoactive_substances_v2",2326864.40585074,"kasane wwtp (main) surface water"
"2-Ethylamino-1-(3,4-methylenedioxyphenyl)propan-1-one","kps_psychoactive_substances_v2",1697475.37572127,"kasane wwtp (overflow) surface water"
"2-Ethylamino-1-(3,4-methylenedioxyphenyl)propan-1-one","kps_psychoactive_substances_v2",92267252.1800245,"maun wwtp (main) waste water"
"2-Ethylamino-1-(3,4-methylenedioxyphenyl)propan-1-one","kps_psychoactive_substances_v2",4874513.02063941,"glen valley (reclamation) surface water"
"2-Ethylamino-1-(3,4-methylenedioxyphenyl)propan-1-one","kps_psychoactive_substances_v2",37332418.1172929,"glen valley (recreational) surface water"
"2-Ethylmethcathinone","kps_psychoactive_substances_v2",6497560.60000349,"palapye wwtp (eff) waste water"
"2-Ethylmethcathinone","kps_psychoactive_substances_v2",22542380.9931539,"francistown wwtp surface water"
"2-Ethylmethcathinone","kps_psychoactive_substances_v2",24379562.9495139,"kasane wwtp (main) surface water"
"2-Ethylmethcathinone","kps_psychoactive_substances_v2",146378034.070024,"kasane wwtp (overflow) surface water"
"2-Ethylmethcathinone","kps_psychoactive_substances_v2",16670120.6475039,"kasane (main) surface water"
"2-Ethylmethcathinone","kps_psychoactive_substances_v2",10246901.0824582,"kasane (recreational) surface water"
"2-Ethylmethcathinone","kps_psychoactive_substances_v2",85969310.2795385,"maun beach (before) surface water"
"2-Ethylmethcathinone","kps_psychoactive_substances_v2",11518554.0396183,"maun beach (after) surface water"
"2-Ethylmethcathinone","kps_psychoactive_substances_v2",24909068.6083035,"maun wwtp (main) waste water"
"2-Ethylmethcathinone","kps_psychoactive_substances_v2",4249213.73125281,"glen valley (reclamation) surface water"
"2-Ethylmethcathinone","kps_psychoactive_substances_v2",13774538.0994998,"glen valley (recreational) surface water"
"2C-G","kps_psychoactive_substances_v2",904257.919046954,"lecheng spring surface water"
"2C-G","kps_psychoactive_substances_v2",4204520.81637482,"kasane wwtp (overflow) surface water"
"2C-G","kps_psychoactive_substances_v2",2828509.21967062,"maun beach (after) surface water"
"2C-G","kps_psychoactive_substances_v2",2320231.14336198,"maun wwtp (main) waste water"
"2C-P","kps_psychoactive_substances_v2",924953.696907112,"lecheng spring surface water"
"2C-P","kps_psychoactive_substances_v2",1638480.45500664,"palapye wwtp (eff) waste water"
"2C-P","kps_psychoactive_substances_v2",2131125.84372434,"palapye wwtp surface water"
"2C-P","kps_psychoactive_substances_v2",6611382.56216773,"kasane wwtp (overflow) surface water"
"2C-P","kps_psychoactive_substances_v2",1456695.88375772,"maun beach (after) surface water"
"2C-P","kps_psychoactive_substances_v2",1724059.54490512,"maun wwtp (main) waste water"
"2C-P","kps_psychoactive_substances_v2",1355369.53085122,"glen valley (reclamation) surface water"
"3-Benzoylindole","kps_psychoactive_substances_v2",3403003.10731976,"francistown wwtp surface water"
"3-[2-(Diethylamino)ethyl]-1H-indol-4-yl acetate","kps_psychoactive_substances_v2",599129.257889944,"palapye wwtp (eff) waste water"
"3-[2-(Diethylamino)ethyl]-1H-indol-4-yl acetate","kps_psychoactive_substances_v2",1200571.21841255,"palapye wwtp surface water"
"3-[2-(Diethylamino)ethyl]-1H-indol-4-yl acetate","kps_psychoactive_substances_v2",1796153.52634018,"francistown wwtp surface water"
"3-{2-[Di(propan-2-yl)amino]ethyl}-1H-indol-4-ol","kps_psychoactive_substances_v2",813159.466663567,"francistown wwtp surface water"
"3-{2-[Di(propan-2-yl)amino]ethyl}-1H-indol-4-ol","kps_psychoactive_substances_v2",861999.583321026,"kasane (main) surface water"
"3alpha-Androstanediol","kps_psychoactive_substances_v2",6150060.93663603,"lecheng spring surface water"
"3alpha-Androstanediol","kps_psychoactive_substances_v2",26615679.7589015,"palapye wwtp (eff) waste water"
"3alpha-Androstanediol","kps_psychoactive_substances_v2",29660433.0589186,"palapye wwtp surface water"
"3alpha-Androstanediol","kps_psychoactive_substances_v2",5356078.19438059,"francistown wwtp surface water"
"3alpha-Androstanediol","kps_psychoactive_substances_v2",1932642.05871764,"kasane wwtp (main) surface water"
"3alpha-Androstanediol","kps_psychoactive_substances_v2",540992.467093695,"kasane wwtp (overflow) surface water"
"3alpha-Androstanediol","kps_psychoactive_substances_v2",711714.874825655,"maun beach (after) surface water"
"3alpha-Androstanediol","kps_psychoactive_substances_v2",14626583.7082123,"maun wwtp (main) waste water"
"3alpha-Androstanediol","kps_psychoactive_substances_v2",2569210.49688901,"glen valley (reclamation) surface water"
"3alpha-Androstanediol","kps_psychoactive_substances_v2",1700117.01582617,"glen valley (recreational) surface water"
"4,17beta-Dihydroxy-4-androstene-3-one","kps_psychoactive_substances_v2",1060474.27062999,"francistown wwtp surface water"
"4-Androstenediol","kps_psychoactive_substances_v2",1361470.35489126,"lecheng spring surface water"
"4-Androstenediol","kps_psychoactive_substances_v2",532546.9350283,"palapye wwtp (eff) waste water"
"4-Androstenediol","kps_psychoactive_substances_v2",211392.85860157,"lotsane dam surface water"
"4-Androstenediol","kps_psychoactive_substances_v2",2202277.60931317,"francistown wwtp surface water"
"4-Androstenediol","kps_psychoactive_substances_v2",621296.084410828,"kasane wwtp (main) surface water"
"4-Androstenediol","kps_psychoactive_substances_v2",7387672.6086153,"maun beach (after) surface water"
"4-Androstenediol","kps_psychoactive_substances_v2",4102255.97689742,"maun wwtp (main) waste water"
"4-Androstenediol","kps_psychoactive_substances_v2",282801.310341615,"glen valley (reclamation) surface water"
"4-Androstenediol","kps_psychoactive_substances_v2",370422.832371816,"glen valley (recreational) surface water"
"4-HO-MET","kps_psychoactive_substances_v2",927026.714427269,"maun wwtp (main) waste water"
"4-HO-MiPT","kps_psychoactive_substances_v2",487462.886192978,"glen valley (reclamation) surface water"
"4-HO-MiPT","kps_psychoactive_substances_v2",526347.431974468,"glen valley (recreational) surface water"
"4-Methoxyamphetamine","kps_psychoactive_substances_v2",558173.310558136,"lecheng stream surface water"
"4-Methoxyamphetamine","kps_psychoactive_substances_v2",755706.462638047,"lecheng spring surface water"
"4-Methoxyamphetamine","kps_psychoactive_substances_v2",1132780.41347204,"palapye wwtp (eff) waste water"
"4-Methoxyamphetamine","kps_psychoactive_substances_v2",1448492.92849077,"palapye wwtp surface water"
"4-Methoxyamphetamine","kps_psychoactive_substances_v2",1313471.31317785,"lotsane dam surface water"
"4-Methoxyamphetamine","kps_psychoactive_substances_v2",1757007.41591212,"francistown wwtp surface water"
"4-Methoxyamphetamine","kps_psychoactive_substances_v2",1022615.19031533,"kasane wwtp (overflow) surface water"
"4-Methoxyamphetamine","kps_psychoactive_substances_v2",1816134.49681421,"kasane (main) surface water"
"4-Methoxyamphetamine","kps_psychoactive_substances_v2",1800305.53262215,"kasane (recreational) surface water"
"4-Methoxyamphetamine","kps_psychoactive_substances_v2",584124.607803941,"maun beach (before) surface water"
"4-Methoxyamphetamine","kps_psychoactive_substances_v2",2098731.63467131,"maun beach (after) surface water"
"4-Methoxyamphetamine","kps_psychoactive_substances_v2",2133120.87885881,"maun wwtp (main) waste water"
"4-Methoxyamphetamine","kps_psychoactive_substances_v2",1942061.72601488,"glen valley (reclamation) surface water"
"5F-PB-22","kps_psychoactive_substances_v2",2308853.74882189,"lecheng stream surface water"
"5F-PB-22","kps_psychoactive_substances_v2",796064.012423954,"lecheng spring surface water"
"5F-PB-22","kps_psychoactive_substances_v2",1748367.59304722,"palapye wwtp (eff) waste water"
"5F-PB-22","kps_psychoactive_substances_v2",691657.956465961,"palapye wwtp surface water"
"5F-PB-22","kps_psychoactive_substances_v2",982266.389970536,"lotsane dam surface water"
"5F-PB-22","kps_psychoactive_substances_v2",919742.388005056,"francistown wwtp surface water"
"5F-PB-22","kps_psychoactive_substances_v2",935103.116471791,"kasane wwtp (main) surface water"
"5F-PB-22","kps_psychoactive_substances_v2",1709399.65576761,"kasane (main) surface water"
"5F-PB-22","kps_psychoactive_substances_v2",1258356.38675626,"kasane (recreational) surface water"
"5F-PB-22","kps_psychoactive_substances_v2",1089769.02563028,"maun beach (before) surface water"
"5F-PB-22","kps_psychoactive_substances_v2",1122575.15729727,"maun beach (after) surface water"
"5F-PB-22","kps_psychoactive_substances_v2",1376154.46844479,"maun wwtp (main) waste water"
"5F-PB-22","kps_psychoactive_substances_v2",1341557.34223233,"glen valley (reclamation) surface water"
"5F-PB-22","kps_psychoactive_substances_v2",6142055.99021141,"glen valley (recreational) surface water"
"8-Hydroxy-delta(9)-tetrahydrocannabinol (OH-THC)","kps_psychoactive_substances_v2",2342162.49671221,"palapye wwtp (eff) waste water"
"8-Hydroxy-delta(9)-tetrahydrocannabinol (OH-THC)","kps_psychoactive_substances_v2",6424248.76267738,"palapye wwtp surface water"
"8-Hydroxy-delta(9)-tetrahydrocannabinol (OH-THC)","kps_psychoactive_substances_v2",642115.21221324,"kasane wwtp (main) surface water"
"8-Hydroxy-delta(9)-tetrahydrocannabinol (OH-THC)","kps_psychoactive_substances_v2",3415388.12236597,"maun beach (after) surface water"
"AH 7921","kps_psychoactive_substances_v2",2162689.21034097,"francistown wwtp surface water"
"AM-1235","kps_psychoactive_substances_v2",1710584.66592261,"lecheng stream surface water"
"AM-1235","kps_psychoactive_substances_v2",220162.910427005,"lecheng spring surface water"
"AM-1235","kps_psychoactive_substances_v2",1310154.03700919,"kasane wwtp (main) surface water"
"AM-1235","kps_psychoactive_substances_v2",2843110.45814231,"kasane (main) surface water"
"AM-1235","kps_psychoactive_substances_v2",1272529.24264055,"kasane (recreational) surface water"
"AM-1235","kps_psychoactive_substances_v2",1117172.94643866,"maun beach (after) surface water"
"AM-1235","kps_psychoactive_substances_v2",4420096.09388682,"maun wwtp (main) waste water"
"AM-1235","kps_psychoactive_substances_v2",7952787.00754146,"glen valley (recreational) surface water"
"AM-2201","kps_psychoactive_substances_v2",1451325.29531361,"palapye wwtp (eff) waste water"
"APP-FUBINACA","kps_psychoactive_substances_v2",361818.677818121,"kasane (main) surface water"
"Acetylfentanyl","kps_psychoactive_substances_v2",5934035.36803854,"glen valley (recreational) surface water"
"Alphameprodine [INN:BAN:DCF]","kps_psychoactive_substances_v2",1872547.09793191,"lecheng stream surface water"
"Alphameprodine [INN:BAN:DCF]","kps_psychoactive_substances_v2",995448.472397642,"lecheng spring surface water"
"Alphameprodine [INN:BAN:DCF]","kps_psychoactive_substances_v2",6016882.27739465,"palapye wwtp (eff) waste water"
"Alphameprodine [INN:BAN:DCF]","kps_psychoactive_substances_v2",5992379.86781826,"palapye wwtp surface water"
"Alphameprodine [INN:BAN:DCF]","kps_psychoactive_substances_v2",3879995.90357437,"lotsane dam surface water"
"Alphameprodine [INN:BAN:DCF]","kps_psychoactive_substances_v2",5074970.28278796,"francistown wwtp surface water"
"Alphameprodine [INN:BAN:DCF]","kps_psychoactive_substances_v2",2859393.89015648,"kasane wwtp (main) surface water"
"Alphameprodine [INN:BAN:DCF]","kps_psychoactive_substances_v2",2053080.49073963,"kasane wwtp (overflow) surface water"
"Alphameprodine [INN:BAN:DCF]","kps_psychoactive_substances_v2",191304.68620263,"kasane (main) surface water"
"Alphameprodine [INN:BAN:DCF]","kps_psychoactive_substances_v2",3543752.15966419,"kasane (recreational) surface water"
"Alphameprodine [INN:BAN:DCF]","kps_psychoactive_substances_v2",1371271.41760394,"maun beach (before) surface water"
"Alphameprodine [INN:BAN:DCF]","kps_psychoactive_substances_v2",3854269.54396873,"maun beach (after) surface water"
"Alphameprodine [INN:BAN:DCF]","kps_psychoactive_substances_v2",2513124.42845331,"maun wwtp (main) waste water"
"Alphameprodine [INN:BAN:DCF]","kps_psychoactive_substances_v2",3268974.98853369,"glen valley (reclamation) surface water"
"Alphameprodine [INN:BAN:DCF]","kps_psychoactive_substances_v2",3497887.88593627,"glen valley (recreational) surface water"
"Alphaprodine","kps_psychoactive_substances_v2",24888242.8575428,"palapye wwtp (eff) waste water"
"Alphaprodine","kps_psychoactive_substances_v2",32651434.2880058,"palapye wwtp surface water"
"Alphaprodine","kps_psychoactive_substances_v2",595901.514602913,"lotsane dam surface water"
"Alphaprodine","kps_psychoactive_substances_v2",5357143.55627921,"francistown wwtp surface water"
"Alphaprodine","kps_psychoactive_substances_v2",1209923.628389,"kasane wwtp (main) surface water"
"Alphaprodine","kps_psychoactive_substances_v2",3369332.65721557,"glen valley (reclamation) surface water"
"Alphaxalone","kps_psychoactive_substances_v2",1230930.1903485,"maun beach (after) surface water"
"Amphetamine","kps_psychoactive_substances_v2",3095748.50344779,"kasane (main) surface water"
"Amphetamine","kps_psychoactive_substances_v2",328441.779366686,"maun wwtp (main) waste water"
"Androsta-1,4-diene-3,17-dione","kps_psychoactive_substances_v2",1797207.36651786,"palapye wwtp (eff) waste water"
"Androsta-1,4-diene-3,17-dione","kps_psychoactive_substances_v2",3055615.15725616,"palapye wwtp surface water"
"Anileridine","kps_psychoactive_substances_v2",471339.790126435,"francistown wwtp surface water"
"Anileridine","kps_psychoactive_substances_v2",2027025.8072806,"kasane (recreational) surface water"
"Anileridine","kps_psychoactive_substances_v2",2855348.85069094,"glen valley (reclamation) surface water"
"Anileridine","kps_psychoactive_substances_v2",3848429.00366573,"glen valley (recreational) surface water"
"Anthranilic acid","kps_psychoactive_substances_v2",1539927.68125736,"francistown wwtp surface water"
"Anthranilic acid","kps_psychoactive_substances_v2",405838.551897755,"maun beach (after) surface water"
"Barbital","kps_psychoactive_substances_v2",1318443.38936378,"palapye wwtp (eff) waste water"
"Barbital","kps_psychoactive_substances_v2",1426194.08862702,"palapye wwtp surface water"
"Barbital","kps_psychoactive_substances_v2",1475640.20699592,"francistown wwtp surface water"
"Barbital","kps_psychoactive_substances_v2",1007494.06981057,"kasane wwtp (main) surface water"
"Barbital","kps_psychoactive_substances_v2",2324543.24374809,"glen valley (reclamation) surface water"
"Barbital","kps_psychoactive_substances_v2",1638261.13729784,"glen valley (recreational) surface water"
"Benzeneethanamine, 3,4-dimethoxy-","kps_psychoactive_substances_v2",4228616.09620126,"palapye wwtp (eff) waste water"
"Benzeneethanamine, 3,4-dimethoxy-","kps_psychoactive_substances_v2",5275828.53966499,"palapye wwtp surface water"
"Benzeneethanamine, 3,4-dimethoxy-","kps_psychoactive_substances_v2",910433.686129984,"kasane wwtp (overflow) surface water"
"Benzeneethanamine, 3,4-dimethoxy-","kps_psychoactive_substances_v2",1119482.52813998,"kasane (recreational) surface water"
"Benzeneethanamine, 3,4-dimethoxy-","kps_psychoactive_substances_v2",1111633.28065052,"maun beach (after) surface water"
"Benzeneethanamine, 3,4-dimethoxy-","kps_psychoactive_substances_v2",113456896.304129,"maun wwtp (main) waste water"
"Benzeneethanamine, 3,4-dimethoxy-","kps_psychoactive_substances_v2",623089.467719533,"glen valley (reclamation) surface water"
"Benzeneethanamine, 3,4-dimethoxy-","kps_psychoactive_substances_v2",17699378.1363177,"glen valley (recreational) surface water"
"Benzenemethanol, .alpha.-[(1R)-1-aminoethyl]-, (.alpha.R)-rel-","kps_psychoactive_substances_v2",2174001.55359793,"lecheng stream surface water"
"Benzenemethanol, .alpha.-[(1R)-1-aminoethyl]-, (.alpha.R)-rel-","kps_psychoactive_substances_v2",3782417.95738195,"lecheng spring surface water"
"Benzenemethanol, .alpha.-[(1R)-1-aminoethyl]-, (.alpha.R)-rel-","kps_psychoactive_substances_v2",3177492.07093566,"palapye wwtp (eff) waste water"
"Benzenemethanol, .alpha.-[(1R)-1-aminoethyl]-, (.alpha.R)-rel-","kps_psychoactive_substances_v2",3359846.10795372,"palapye wwtp surface water"
"Benzenemethanol, .alpha.-[(1R)-1-aminoethyl]-, (.alpha.R)-rel-","kps_psychoactive_substances_v2",3392767.61813644,"lotsane dam surface water"
"Benzenemethanol, .alpha.-[(1R)-1-aminoethyl]-, (.alpha.R)-rel-","kps_psychoactive_substances_v2",7513266.77955145,"francistown wwtp surface water"
"Benzenemethanol, .alpha.-[(1R)-1-aminoethyl]-, (.alpha.R)-rel-","kps_psychoactive_substances_v2",3028524.79570756,"kasane wwtp (overflow) surface water"
"Benzenemethanol, .alpha.-[(1R)-1-aminoethyl]-, (.alpha.R)-rel-","kps_psychoactive_substances_v2",6806359.18605519,"kasane (main) surface water"
"Benzenemethanol, .alpha.-[(1R)-1-aminoethyl]-, (.alpha.R)-rel-","kps_psychoactive_substances_v2",5396514.37357712,"kasane (recreational) surface water"
"Benzenemethanol, .alpha.-[(1R)-1-aminoethyl]-, (.alpha.R)-rel-","kps_psychoactive_substances_v2",1533501.71879774,"maun beach (before) surface water"
"Benzenemethanol, .alpha.-[(1R)-1-aminoethyl]-, (.alpha.R)-rel-","kps_psychoactive_substances_v2",7555597.52326904,"maun beach (after) surface water"
"Benzenemethanol, .alpha.-[(1R)-1-aminoethyl]-, (.alpha.R)-rel-","kps_psychoactive_substances_v2",5747685.09410779,"maun wwtp (main) waste water"
"Benzenemethanol, .alpha.-[(1R)-1-aminoethyl]-, (.alpha.R)-rel-","kps_psychoactive_substances_v2",4988708.89067666,"glen valley (reclamation) surface water"
"Benzenemethanol, .alpha.-[(1R)-1-aminoethyl]-, (.alpha.R)-rel-","kps_psychoactive_substances_v2",3197384.98876127,"glen valley (recreational) surface water"
"Benzydamine","kps_psychoactive_substances_v2",2900220.24682564,"palapye wwtp (eff) waste water"
"Benzydamine","kps_psychoactive_substances_v2",4579301.29406385,"palapye wwtp surface water"
"Benzydamine","kps_psychoactive_substances_v2",1616479.10314951,"francistown wwtp surface water"
"Benzydamine","kps_psychoactive_substances_v2",652105.453487279,"glen valley (reclamation) surface water"
"Boldenone undecylenate","kps_psychoactive_substances_v2",810376.183343055,"palapye wwtp surface water"
"Bufotenine","kps_psychoactive_substances_v2",1448102.89453646,"glen valley (reclamation) surface water"
"Buphedrone","kps_psychoactive_substances_v2",3024251.83488265,"francistown wwtp surface water"
"Buphedrone","kps_psychoactive_substances_v2",499182.519165726,"kasane wwtp (overflow) surface water"
"Buphedrone","kps_psychoactive_substances_v2",2031618.90985666,"kasane (main) surface water"
"Buphedrone","kps_psychoactive_substances_v2",2440710.25260483,"maun wwtp (main) waste water"
"Buphedrone","kps_psychoactive_substances_v2",1343253.42994859,"glen valley (recreational) surface water"
"Buprenorphine","kps_psychoactive_substances_v2",1352176.33925067,"palapye wwtp (eff) waste water"
"Butalbital","kps_psychoactive_substances_v2",1343832.82949908,"kasane wwtp (overflow) surface water"
"Butalbital","kps_psychoactive_substances_v2",719766.18537707,"maun beach (after) surface water"
"Cannabichromene","kps_psychoactive_substances_v2",185978.298022622,"kasane (main) surface water"
"Cannabicoumaronone","kps_psychoactive_substances_v2",579076.123766373,"palapye wwtp (eff) waste water"
"Cannabicoumaronone","kps_psychoactive_substances_v2",3002614.54354253,"palapye wwtp surface water"
"Cannabicoumaronone","kps_psychoactive_substances_v2",983702.154043602,"kasane wwtp (main) surface water"
"Cannabicoumaronone","kps_psychoactive_substances_v2",600254.670951144,"maun beach (before) surface water"
"Cannabicoumaronone","kps_psychoactive_substances_v2",775860.430417713,"glen valley (reclamation) surface water"
"Cannabidiolic acid","kps_psychoactive_substances_v2",220336.408522941,"francistown wwtp surface water"
"Cannabidiolic acid","kps_psychoactive_substances_v2",491601.671846716,"kasane wwtp (overflow) surface water"
"Cannabidiolic acid","kps_psychoactive_substances_v2",209436.447607921,"kasane (recreational) surface water"
"Cannabidiolic acid","kps_psychoactive_substances_v2",987386.648806094,"glen valley (reclamation) surface water"
"Cannabidiolic acid","kps_psychoactive_substances_v2",166270.049750541,"glen valley (recreational) surface water"
"Cannabigerol","kps_psychoactive_substances_v2",5189124.58635801,"lecheng spring surface water"
"Cannabigerol","kps_psychoactive_substances_v2",1750541.17198538,"lotsane dam surface water"
"Cannabigerol","kps_psychoactive_substances_v2",47323004.7631744,"francistown wwtp surface water"
"Cannabigerol","kps_psychoactive_substances_v2",7280053.03877526,"kasane wwtp (main) surface water"
"Cannabigerol","kps_psychoactive_substances_v2",3082143.33065998,"maun beach (after) surface water"
"Cannabinodiol (CBND)","kps_psychoactive_substances_v2",2232056.82358626,"palapye wwtp (eff) waste water"
"Cannabinol monomethyl ether","kps_psychoactive_substances_v2",2033956.68792085,"francistown wwtp surface water"
"Clostebol acetate","kps_psychoactive_substances_v2",2966794.59620102,"palapye wwtp (eff) waste water"
"Clostebol acetate","kps_psychoactive_substances_v2",2579159.99825131,"palapye wwtp surface water"
"Codeine","kps_psychoactive_substances_v2",2629555.07466249,"palapye wwtp (eff) waste water"
"Codeine","kps_psychoactive_substances_v2",3714237.41261013,"palapye wwtp surface water"
"Codeine","kps_psychoactive_substances_v2",401157.837814584,"lotsane dam surface water"
"Codeine","kps_psychoactive_substances_v2",30362797.2080901,"francistown wwtp surface water"
"Codeine","kps_psychoactive_substances_v2",2218772.59095182,"kasane wwtp (main) surface water"
"Codeine","kps_psychoactive_substances_v2",2195718.88622215,"maun wwtp (main) waste water"
"Codeine","kps_psychoactive_substances_v2",5547277.55092512,"glen valley (reclamation) surface water"
"Codeine","kps_psychoactive_substances_v2",4343167.03359999,"glen valley (recreational) surface water"
"DM 235","kps_psychoactive_substances_v2",230121.51793436,"lecheng stream surface water"
"DM 235","kps_psychoactive_substances_v2",2763819.06533499,"palapye wwtp (eff) waste water"
"DM 235","kps_psychoactive_substances_v2",4297366.54854633,"palapye wwtp surface water"
"DM 235","kps_psychoactive_substances_v2",17563382.479873,"francistown wwtp surface water"
"DM 235","kps_psychoactive_substances_v2",555725.230793469,"kasane wwtp (main) surface water"
"DM 235","kps_psychoactive_substances_v2",685650.786169286,"kasane wwtp (overflow) surface water"
"DM 235","kps_psychoactive_substances_v2",411690.947001188,"kasane (recreational) surface water"
"DM 235","kps_psychoactive_substances_v2",874424.554785775,"maun beach (after) surface water"
"DM 235","kps_psychoactive_substances_v2",1970301.25147072,"maun wwtp (main) waste water"
"DM 235","kps_psychoactive_substances_v2",2919133.88259519,"glen valley (reclamation) surface water"
"DM 235","kps_psychoactive_substances_v2",1392388.39199101,"glen valley (recreational) surface water"
"Desoxymethyltestosterone","kps_psychoactive_substances_v2",11256851.4120627,"palapye wwtp (eff) waste water"
"Desoxymethyltestosterone","kps_psychoactive_substances_v2",16093394.5256586,"palapye wwtp surface water"
"Desoxymethyltestosterone","kps_psychoactive_substances_v2",4688302.52322161,"kasane wwtp (main) surface water"
"Dextromethorphan","kps_psychoactive_substances_v2",2350859.92330239,"palapye wwtp (eff) waste water"
"Diethylpropion","kps_psychoactive_substances_v2",394855.595756912,"lecheng spring surface water"
"Difenoxin","kps_psychoactive_substances_v2",662751.258713382,"palapye wwtp (eff) waste water"
"Difenoxin","kps_psychoactive_substances_v2",1023637.71720928,"palapye wwtp surface water"
"Difenoxin","kps_psychoactive_substances_v2",284312.016897733,"kasane (recreational) surface water"
"Dihydrocodeine","kps_psychoactive_substances_v2",1856949.57278707,"palapye wwtp (eff) waste water"
"Dihydrocodeine","kps_psychoactive_substances_v2",1798315.27743655,"palapye wwtp surface water"
"Dihydrocodeine","kps_psychoactive_substances_v2",5192320.85536991,"francistown wwtp surface water"
"Dihydrocodeine","kps_psychoactive_substances_v2",2392802.03291795,"glen valley (reclamation) surface water"
"Dihydrocodeine","kps_psychoactive_substances_v2",1028727.23800726,"glen valley (recreational) surface water"
"Dihydromorphine","kps_psychoactive_substances_v2",1561384.3445962,"kasane wwtp (overflow) surface water"
"Dromostanolone","kps_psychoactive_substances_v2",553697.481046259,"lecheng spring surface water"
"Dromostanolone","kps_psychoactive_substances_v2",272016.098139149,"lotsane dam surface water"
"Dromostanolone","kps_psychoactive_substances_v2",2160708.31044119,"francistown wwtp surface water"
"Dromostanolone","kps_psychoactive_substances_v2",441854.047849683,"kasane (recreational) surface water"
"Dromostanolone","kps_psychoactive_substances_v2",287298.272893676,"maun beach (before) surface water"
"Dromostanolone","kps_psychoactive_substances_v2",15043835.3434113,"maun beach (after) surface water"
"Dromostanolone","kps_psychoactive_substances_v2",3235061.859127,"maun wwtp (main) waste water"
"ETORPHINE","kps_psychoactive_substances_v2",442137.266763863,"lotsane dam surface water"
"Embutramide","kps_psychoactive_substances_v2",4015637.43697182,"palapye wwtp (eff) waste water"
"Embutramide","kps_psychoactive_substances_v2",4664007.9003707,"palapye wwtp surface water"
"Embutramide","kps_psychoactive_substances_v2",3771602.09151472,"francistown wwtp surface water"
"Embutramide","kps_psychoactive_substances_v2",9982389.2001182,"kasane wwtp (main) surface water"
"Embutramide","kps_psychoactive_substances_v2",1966531.21237023,"kasane wwtp (overflow) surface water"
"Embutramide","kps_psychoactive_substances_v2",793081.74613663,"maun beach (before) surface water"
"Embutramide","kps_psychoactive_substances_v2",2473095.05819622,"maun beach (after) surface water"
"Embutramide","kps_psychoactive_substances_v2",4180685.56722427,"maun wwtp (main) waste water"
"Embutramide","kps_psychoactive_substances_v2",3189888.84751832,"glen valley (reclamation) surface water"
"Embutramide","kps_psychoactive_substances_v2",4712554.05195639,"glen valley (recreational) surface water"
"Ergocristine","kps_psychoactive_substances_v2",168807.315880914,"lecheng stream surface water"
"Ergocristine","kps_psychoactive_substances_v2",506704.933352552,"palapye wwtp (eff) waste water"
"Ergocristine","kps_psychoactive_substances_v2",992526.278433738,"palapye wwtp surface water"
"Ergocristine","kps_psychoactive_substances_v2",431371.120752174,"maun wwtp (main) waste water"
"Ergocristine","kps_psychoactive_substances_v2",810666.169119966,"glen valley (reclamation) surface water"
"Ergocristine","kps_psychoactive_substances_v2",2267631.24971289,"glen valley (recreational) surface water"
"Ethinamate","kps_psychoactive_substances_v2",3499563.57523038,"francistown wwtp surface water"
"Ethinamate","kps_psychoactive_substances_v2",3237330.45917638,"kasane wwtp (overflow) surface water"
"Ethinamate","kps_psychoactive_substances_v2",1714419.70078818,"maun wwtp (main) waste water"
"Ethylphenidate","kps_psychoactive_substances_v2",737612.852450653,"palapye wwtp (eff) waste water"
"Ethylphenidate","kps_psychoactive_substances_v2",5185641.67823613,"palapye wwtp surface water"
"Ethylphenidate","kps_psychoactive_substances_v2",294961.749129852,"lotsane dam surface water"
"Ethylphenidate","kps_psychoactive_substances_v2",810329.495777442,"francistown wwtp surface water"
"Ethylphenidate","kps_psychoactive_substances_v2",1601105.12772205,"maun beach (before) surface water"
"Ethylphenidate","kps_psychoactive_substances_v2",2815085.37325538,"maun wwtp (main) waste water"
"Ethylphenidate","kps_psychoactive_substances_v2",1187914.49396454,"glen valley (reclamation) surface water"
"Etoxeridine","kps_psychoactive_substances_v2",2007351.9905695,"kasane wwtp (main) surface water"
"Etoxeridine","kps_psychoactive_substances_v2",2059581.10968756,"maun wwtp (main) waste water"
"Etoxeridine","kps_psychoactive_substances_v2",833611.774645265,"glen valley (reclamation) surface water"
"Flubromazolam","kps_psychoactive_substances_v2",2489237.55290233,"lecheng stream surface water"
"Flubromazolam","kps_psychoactive_substances_v2",705191.950553215,"palapye wwtp (eff) waste water"
"Formetorex","kps_psychoactive_substances_v2",1725622.44717288,"palapye wwtp (eff) waste water"
"Formetorex","kps_psychoactive_substances_v2",2107255.0244826,"palapye wwtp surface water"
"Formetorex","kps_psychoactive_substances_v2",1599736.81585896,"francistown wwtp surface water"
"Formetorex","kps_psychoactive_substances_v2",1397023.80903013,"kasane wwtp (overflow) surface water"
"Formetorex","kps_psychoactive_substances_v2",654576.632562512,"kasane (main) surface water"
"Formetorex","kps_psychoactive_substances_v2",627265.268197017,"kasane (recreational) surface water"
"Formetorex","kps_psychoactive_substances_v2",3102451.57001092,"maun wwtp (main) waste water"
"Formetorex","kps_psychoactive_substances_v2",861068.860709745,"glen valley (reclamation) surface water"
"Formetorex","kps_psychoactive_substances_v2",414294.560779515,"glen valley (recreational) surface water"
"Glutethimide","kps_psychoactive_substances_v2",556850.369848687,"maun beach (after) surface water"
"Hydroxypethidine","kps_psychoactive_substances_v2",2563957.73363611,"kasane wwtp (overflow) surface water"
"Hydroxypethidine","kps_psychoactive_substances_v2",4813704.58451768,"maun wwtp (main) waste water"
"Indiplon","kps_psychoactive_substances_v2",1808125.87431064,"palapye wwtp (eff) waste water"
"Indiplon","kps_psychoactive_substances_v2",1814506.25222221,"palapye wwtp surface water"
"Indiplon","kps_psychoactive_substances_v2",723572.770877443,"francistown wwtp surface water"
"Indiplon","kps_psychoactive_substances_v2",3691156.24524926,"kasane wwtp (main) surface water"
"Indiplon","kps_psychoactive_substances_v2",2886769.93299307,"kasane wwtp (overflow) surface water"
"Indiplon","kps_psychoactive_substances_v2",1219796.26245286,"maun wwtp (main) waste water"
"Indiplon","kps_psychoactive_substances_v2",7822934.09356505,"glen valley (reclamation) surface water"
"Indiplon","kps_psychoactive_substances_v2",4828135.73700886,"glen valley (recreational) surface water"
"Isosafrole","kps_psychoactive_substances_v2",1725577.92126674,"lecheng stream surface water"
"Isosafrole","kps_psychoactive_substances_v2",3463129.78299888,"francistown wwtp surface water"
"Isosafrole","kps_psychoactive_substances_v2",586023.926277708,"kasane wwtp (overflow) surface water"
"JWH 018 benzimidazole analog","kps_psychoactive_substances_v2",365618.016220479,"lecheng stream surface water"
"JWH 018 benzimidazole analog","kps_psychoactive_substances_v2",2471953.39312241,"palapye wwtp (eff) waste water"
"JWH 018 benzimidazole analog","kps_psychoactive_substances_v2",4110067.69830097,"palapye wwtp surface water"
"JWH 018 benzimidazole analog","kps_psychoactive_substances_v2",141896.168642485,"lotsane dam surface water"
"JWH 018 benzimidazole analog","kps_psychoactive_substances_v2",37772988.4095117,"francistown wwtp surface water"
"JWH 018 benzimidazole analog","kps_psychoactive_substances_v2",3722364.84516542,"kasane wwtp (main) surface water"
"JWH 018 benzimidazole analog","kps_psychoactive_substances_v2",1764540.03302152,"kasane wwtp (overflow) surface water"
"JWH 018 benzimidazole analog","kps_psychoactive_substances_v2",437585.461391783,"kasane (main) surface water"
"JWH 018 benzimidazole analog","kps_psychoactive_substances_v2",1847010.96955477,"kasane (recreational) surface water"
"JWH 018 benzimidazole analog","kps_psychoactive_substances_v2",3481417.17210797,"maun beach (after) surface water"
"JWH 018 benzimidazole analog","kps_psychoactive_substances_v2",5474686.56951949,"glen valley (reclamation) surface water"
"JWH 018 benzimidazole analog","kps_psychoactive_substances_v2",2016415.02354292,"glen valley (recreational) surface water"
"JWH 200","kps_psychoactive_substances_v2",783905.524105312,"kasane wwtp (main) surface water"
"JWH 200","kps_psychoactive_substances_v2",451258.188949511,"maun beach (after) surface water"
"JWH 200 analog 1","kps_psychoactive_substances_v2",663492.543586468,"lecheng stream surface water"
"JWH 200 analog 1","kps_psychoactive_substances_v2",3357482.6010674,"kasane wwtp (main) surface water"
"JWH 200 analog 1","kps_psychoactive_substances_v2",9692386.3199862,"kasane (main) surface water"
"JWH 200 analog 1","kps_psychoactive_substances_v2",7358938.44532266,"kasane (recreational) surface water"
"JWH 200 analog 1","kps_psychoactive_substances_v2",2339898.50932384,"maun beach (before) surface water"
"JWH 200 analog 1","kps_psychoactive_substances_v2",4788471.72036289,"maun beach (after) surface water"
"JWH 200 analog 1","kps_psychoactive_substances_v2",10009239.3752528,"glen valley (reclamation) surface water"
"JWH 200 analog 1","kps_psychoactive_substances_v2",14373336.5957021,"glen valley (recreational) surface water"
"JWH 307 3'-isomer","kps_psychoactive_substances_v2",397320.712529424,"maun wwtp (main) waste water"
"JWH-133","kps_psychoactive_substances_v2",2764715.26952256,"francistown wwtp surface water"
"JWH-133","kps_psychoactive_substances_v2",442945.930156102,"kasane wwtp (main) surface water"
"JWH-198","kps_psychoactive_substances_v2",1506615.59170611,"palapye wwtp surface water"
"JWH-198","kps_psychoactive_substances_v2",1388865.31265938,"francistown wwtp surface water"
"JWH-198","kps_psychoactive_substances_v2",1908304.60792082,"glen valley (reclamation) surface water"
"JWH-198","kps_psychoactive_substances_v2",1187654.08877191,"glen valley (recreational) surface water"
"JWH-412-5F. F2201","kps_psychoactive_substances_v2",806206.363669518,"francistown wwtp surface water"
"Ketamine","kps_psychoactive_substances_v2",182929.877837683,"kasane wwtp (main) surface water"
"Lacosamide","kps_psychoactive_substances_v2",6441147.10316233,"kasane wwtp (overflow) surface water"
"Lacosamide","kps_psychoactive_substances_v2",770107.657779007,"maun beach (after) surface water"
"Lacosamide","kps_psychoactive_substances_v2",1835058.66536903,"maun wwtp (main) waste water"
"Lacosamide","kps_psychoactive_substances_v2",1831888.02660078,"glen valley (recreational) surface water"
"Levorphanol","kps_psychoactive_substances_v2",22611190.8981905,"palapye wwtp (eff) waste water"
"Levorphanol","kps_psychoactive_substances_v2",29039623.471358,"palapye wwtp surface water"
"Levorphanol","kps_psychoactive_substances_v2",12810319.7731316,"francistown wwtp surface water"
"Levorphanol","kps_psychoactive_substances_v2",793788.438389054,"kasane wwtp (main) surface water"
"Levorphanol","kps_psychoactive_substances_v2",15825946.4397488,"glen valley (reclamation) surface water"
"Lisdexamfetamine","kps_psychoactive_substances_v2",1191189.19938155,"palapye wwtp (eff) waste water"
"Lisdexamfetamine","kps_psychoactive_substances_v2",2399833.89475446,"francistown wwtp surface water"
"Lysergic acid","kps_psychoactive_substances_v2",907516.849763298,"palapye wwtp (eff) waste water"
"MDMA","kps_psychoactive_substances_v2",3777256.22577337,"palapye wwtp (eff) waste water"
"MDMA","kps_psychoactive_substances_v2",5840216.67671077,"palapye wwtp surface water"
"MDMA","kps_psychoactive_substances_v2",16038808.7509156,"francistown wwtp surface water"
"MDMA","kps_psychoactive_substances_v2",605568.584250024,"kasane wwtp (overflow) surface water"
"MDMA","kps_psychoactive_substances_v2",1014683.28191858,"kasane (main) surface water"
"MDMA","kps_psychoactive_substances_v2",31308889.2932585,"maun wwtp (main) waste water"
"MDMA","kps_psychoactive_substances_v2",2500614.34101962,"glen valley (reclamation) surface water"
"MDMA","kps_psychoactive_substances_v2",5425742.13370168,"glen valley (recreational) surface water"
"Medazepam","kps_psychoactive_substances_v2",1352911.70274528,"palapye wwtp (eff) waste water"
"Medazepam","kps_psychoactive_substances_v2",2019640.83573625,"palapye wwtp surface water"
"Medazepam","kps_psychoactive_substances_v2",1560715.09650172,"francistown wwtp surface water"
"Mephobarbital","kps_psychoactive_substances_v2",4504809.35920578,"palapye wwtp (eff) waste water"
"Mephobarbital","kps_psychoactive_substances_v2",5792938.7714883,"palapye wwtp surface water"
"Mephobarbital","kps_psychoactive_substances_v2",782518.476520812,"francistown wwtp surface water"
"Mephobarbital","kps_psychoactive_substances_v2",1264346.5417397,"kasane wwtp (main) surface water"
"Mephobarbital","kps_psychoactive_substances_v2",1363022.68160137,"kasane wwtp (overflow) surface water"
"Mephobarbital","kps_psychoactive_substances_v2",1612334.42584928,"maun wwtp (main) waste water"
"Mephobarbital","kps_psychoactive_substances_v2",1647517.38694515,"glen valley (reclamation) surface water"
"Mephobarbital","kps_psychoactive_substances_v2",2720651.22936449,"glen valley (recreational) surface water"
"Mescaline","kps_psychoactive_substances_v2",1662249.05866891,"francistown wwtp surface water"
"Mescaline","kps_psychoactive_substances_v2",2935473.9094669,"maun wwtp (main) waste water"
"Mescaline","kps_psychoactive_substances_v2",503661.041281367,"glen valley (reclamation) surface water"
"Mescaline","kps_psychoactive_substances_v2",972956.846594945,"glen valley (recreational) surface water"
"Methandrostenolone","kps_psychoactive_substances_v2",2010723.57956745,"palapye wwtp (eff) waste water"
"Methandrostenolone","kps_psychoactive_substances_v2",3926613.59633631,"palapye wwtp surface water"
"Methandrostenolone","kps_psychoactive_substances_v2",3169496.21912258,"francistown wwtp surface water"
"Methandrostenolone","kps_psychoactive_substances_v2",2053424.81101546,"kasane wwtp (main) surface water"
"Methandrostenolone","kps_psychoactive_substances_v2",1256631.61440123,"kasane (main) surface water"
"Methandrostenolone","kps_psychoactive_substances_v2",193631.958874702,"maun beach (before) surface water"
"Methandrostenolone","kps_psychoactive_substances_v2",7021427.0232616,"maun beach (after) surface water"
"Methasterone","kps_psychoactive_substances_v2",468235.684121015,"lecheng spring surface water"
"Methasterone","kps_psychoactive_substances_v2",973246.26044661,"palapye wwtp (eff) waste water"
"Methasterone","kps_psychoactive_substances_v2",1990748.78308776,"palapye wwtp surface water"
"Methasterone","kps_psychoactive_substances_v2",13695899.8331924,"francistown wwtp surface water"
"Methasterone","kps_psychoactive_substances_v2",1371563.27822444,"kasane wwtp (main) surface water"
"Methasterone","kps_psychoactive_substances_v2",160705.689816355,"kasane wwtp (overflow) surface water"
"Methasterone","kps_psychoactive_substances_v2",5821589.24761982,"maun wwtp (main) waste water"
"Methasterone","kps_psychoactive_substances_v2",219669.551620928,"glen valley (reclamation) surface water"
"Methasterone","kps_psychoactive_substances_v2",207345.301373061,"glen valley (recreational) surface water"
"Methohexital","kps_psychoactive_substances_v2",1555079.31036024,"palapye wwtp (eff) waste water"
"Methohexital","kps_psychoactive_substances_v2",2503660.61852037,"francistown wwtp surface water"
"Methohexital","kps_psychoactive_substances_v2",1703083.69775099,"kasane wwtp (overflow) surface water"
"Methohexital","kps_psychoactive_substances_v2",1420796.24597097,"maun beach (after) surface water"
"Methohexital","kps_psychoactive_substances_v2",1544176.95588233,"maun wwtp (main) waste water"
"Methohexital","kps_psychoactive_substances_v2",2347346.43600772,"glen valley (reclamation) surface water"
"Methohexital","kps_psychoactive_substances_v2",6742107.45097032,"glen valley (recreational) surface water"
"Methyldesorphine [INN:BAN:DCF]","kps_psychoactive_substances_v2",3747508.77408007,"palapye wwtp surface water"
"Methyldesorphine [INN:BAN:DCF]","kps_psychoactive_substances_v2",1445590.46542201,"lotsane dam surface water"
"Methyldesorphine [INN:BAN:DCF]","kps_psychoactive_substances_v2",218356.535145823,"kasane (main) surface water"
"Methyldesorphine [INN:BAN:DCF]","kps_psychoactive_substances_v2",206638.567031717,"kasane (recreational) surface water"
"Methylphenidate","kps_psychoactive_substances_v2",4804852.89911618,"francistown wwtp surface water"
"Methylphenidate","kps_psychoactive_substances_v2",588888.083724852,"maun beach (before) surface water"
"Methylphenidate","kps_psychoactive_substances_v2",1334992.3571893,"maun beach (after) surface water"
"Methylphenidate","kps_psychoactive_substances_v2",17879320.5217463,"maun wwtp (main) waste water"
"Methylphenidate","kps_psychoactive_substances_v2",5573121.63721793,"glen valley (reclamation) surface water"
"Methylphenidate","kps_psychoactive_substances_v2",2300253.86355751,"glen valley (recreational) surface water"
"Methyprylon","kps_psychoactive_substances_v2",1131620.90981052,"kasane (recreational) surface water"
"Methyprylon","kps_psychoactive_substances_v2",1030856.34297447,"maun wwtp (main) waste water"
"Moclobemide","kps_psychoactive_substances_v2",6116496.9563784,"francistown wwtp surface water"
"Moclobemide","kps_psychoactive_substances_v2",441411.433231333,"kasane wwtp (main) surface water"
"Moclobemide","kps_psychoactive_substances_v2",3666714.44104909,"kasane wwtp (overflow) surface water"
"Moclobemide","kps_psychoactive_substances_v2",1529316.13576556,"kasane (recreational) surface water"
"Moclobemide","kps_psychoactive_substances_v2",247623.54948185,"maun beach (before) surface water"
"Moclobemide","kps_psychoactive_substances_v2",2199037.31964228,"maun beach (after) surface water"
"Morpheridine [INN:BAN:DCF]","kps_psychoactive_substances_v2",240352.40518465,"lecheng spring surface water"
"Nandrolone decanoate","kps_psychoactive_substances_v2",2958548.68837319,"palapye wwtp (eff) waste water"
"Nandrolone decanoate","kps_psychoactive_substances_v2",4774144.44390102,"palapye wwtp surface water"
"Nimetazepam","kps_psychoactive_substances_v2",4700149.89482851,"palapye wwtp (eff) waste water"
"Nimetazepam","kps_psychoactive_substances_v2",6314948.07067543,"palapye wwtp surface water"
"Nimetazepam","kps_psychoactive_substances_v2",1235696.53078148,"francistown wwtp surface water"
"Noopept","kps_psychoactive_substances_v2",1616469.99650109,"palapye wwtp (eff) waste water"
"Noopept","kps_psychoactive_substances_v2",3113104.05972566,"palapye wwtp surface water"
"Noopept","kps_psychoactive_substances_v2",6903688.39224488,"francistown wwtp surface water"
"Noopept","kps_psychoactive_substances_v2",2134395.35345,"glen valley (reclamation) surface water"
"Normethandrone","kps_psychoactive_substances_v2",2618791.26236122,"maun beach (after) surface water"
"Normethandrone","kps_psychoactive_substances_v2",3196876.93267955,"maun wwtp (main) waste water"
"Normethandrone","kps_psychoactive_substances_v2",1229804.05082819,"glen valley (reclamation) surface water"
"Oxabolone","kps_psychoactive_substances_v2",2019494.52273123,"lecheng stream surface water"
"Oxabolone","kps_psychoactive_substances_v2",1997463.0841087,"lecheng spring surface water"
"Oxabolone","kps_psychoactive_substances_v2",8046807.38579119,"palapye wwtp (eff) waste water"
"Oxabolone","kps_psychoactive_substances_v2",12581126.2403649,"palapye wwtp surface water"
"Oxabolone","kps_psychoactive_substances_v2",3869358.27755456,"lotsane dam surface water"
"Oxabolone","kps_psychoactive_substances_v2",7632817.34518628,"francistown wwtp surface water"
"Oxabolone","kps_psychoactive_substances_v2",3551073.73001986,"kasane wwtp (main) surface water"
"Oxabolone","kps_psychoactive_substances_v2",4859054.54912151,"kasane wwtp (overflow) surface water"
"Oxabolone","kps_psychoactive_substances_v2",12100823.7852215,"kasane (main) surface water"
"Oxabolone","kps_psychoactive_substances_v2",6926725.84445169,"kasane (recreational) surface water"
"Oxabolone","kps_psychoactive_substances_v2",1512142.41038317,"maun beach (before) surface water"
"Oxabolone","kps_psychoactive_substances_v2",8282318.08783514,"maun beach (after) surface water"
"Oxabolone","kps_psychoactive_substances_v2",6519230.45941057,"glen valley (reclamation) surface water"
"Oxabolone","kps_psychoactive_substances_v2",5536269.95694464,"glen valley (recreational) surface water"
"Oxandrolone","kps_psychoactive_substances_v2",3837518.26454692,"palapye wwtp (eff) waste water"
"Oxandrolone","kps_psychoactive_substances_v2",6983834.36863985,"palapye wwtp surface water"
"Oxandrolone","kps_psychoactive_substances_v2",288475.968491146,"lotsane dam surface water"
"Oxandrolone","kps_psychoactive_substances_v2",432399.77250079,"kasane wwtp (main) surface water"
"Oxandrolone","kps_psychoactive_substances_v2",370705.387264254,"kasane wwtp (overflow) surface water"
"Oxandrolone","kps_psychoactive_substances_v2",181829.491676146,"maun beach (after) surface water"
"Oxandrolone","kps_psychoactive_substances_v2",3786000.88443153,"maun wwtp (main) waste water"
"Oxandrolone","kps_psychoactive_substances_v2",715221.21208268,"glen valley (reclamation) surface water"
"Oxandrolone","kps_psychoactive_substances_v2",237946.152135582,"glen valley (recreational) surface water"
"Oxycodone","kps_psychoactive_substances_v2",585341.722308063,"francistown wwtp surface water"
"Oxymesterone","kps_psychoactive_substances_v2",6556487.62099822,"maun beach (after) surface water"
"Oxymorphone","kps_psychoactive_substances_v2",1321716.09025874,"palapye wwtp (eff) waste water"
"Oxymorphone","kps_psychoactive_substances_v2",1624610.47699477,"palapye wwtp surface water"
"Oxymorphone","kps_psychoactive_substances_v2",4663075.09611416,"francistown wwtp surface water"
"Oxymorphone","kps_psychoactive_substances_v2",985298.001920877,"glen valley (reclamation) surface water"
"Pemoline","kps_psychoactive_substances_v2",521691.066370198,"palapye wwtp surface water"
"Pemoline","kps_psychoactive_substances_v2",1721401.79928836,"maun wwtp (main) waste water"
"Pemoline","kps_psychoactive_substances_v2",928618.385622463,"glen valley (recreational) surface water"
"Pentobarbital sodium","kps_psychoactive_substances_v2",143642.627438895,"kasane (main) surface water"
"Pentobarbital sodium","kps_psychoactive_substances_v2",239828.168583503,"maun beach (after) surface water"
"Pentobarbital sodium","kps_psychoactive_substances_v2",229953.482340291,"glen valley (reclamation) surface water"
"Pentylone","kps_psychoactive_substances_v2",726563.208623743,"maun beach (after) surface water"
"Pentylone","kps_psychoactive_substances_v2",1355784.6473184,"glen valley (recreational) surface water"
"Pipradrol","kps_psychoactive_substances_v2",768889.217412713,"kasane wwtp (main) surface water"
"Prazepam","kps_psychoactive_substances_v2",1866310.03714191,"francistown wwtp surface water"
"Proscaline","kps_psychoactive_substances_v2",3749616.29602219,"maun wwtp (main) waste water"
"Psilocybin","kps_psychoactive_substances_v2",761795.301849819,"kasane (recreational) surface water"
"QUPIC","kps_psychoactive_substances_v2",183820.911332489,"kasane (main) surface water"
"QUPIC","kps_psychoactive_substances_v2",119776.370140865,"maun beach (after) surface water"
"Secobarbital","kps_psychoactive_substances_v2",1006638.85461483,"palapye wwtp (eff) waste water"
"Secobarbital","kps_psychoactive_substances_v2",1235281.52990901,"palapye wwtp surface water"
"Secobarbital","kps_psychoactive_substances_v2",2764889.87533693,"francistown wwtp surface water"
"Secobarbital","kps_psychoactive_substances_v2",188229.478325706,"kasane (main) surface water"
"Secobarbital","kps_psychoactive_substances_v2",2927347.27104569,"glen valley (reclamation) surface water"
"Suvorexant","kps_psychoactive_substances_v2",142469.127399873,"lecheng stream surface water"
"Suvorexant","kps_psychoactive_substances_v2",955064.262686683,"palapye wwtp surface water"
"Suvorexant","kps_psychoactive_substances_v2",816090.754566976,"kasane wwtp (main) surface water"
"Suvorexant","kps_psychoactive_substances_v2",2942471.67380391,"maun wwtp (main) waste water"
"Suvorexant","kps_psychoactive_substances_v2",928145.795960089,"glen valley (reclamation) surface water"
"Suvorexant","kps_psychoactive_substances_v2",1773190.32313128,"glen valley (recreational) surface water"
"Tapentadol","kps_psychoactive_substances_v2",4229687.21596955,"palapye wwtp (eff) waste water"
"Tapentadol","kps_psychoactive_substances_v2",5898971.67098806,"palapye wwtp surface water"
"Tapentadol","kps_psychoactive_substances_v2",4153407.02906784,"francistown wwtp surface water"
"Tapentadol","kps_psychoactive_substances_v2",2590291.66736142,"kasane wwtp (main) surface water"
"Tapentadol","kps_psychoactive_substances_v2",943693.817905063,"maun wwtp (main) waste water"
"Tapentadol","kps_psychoactive_substances_v2",7550903.69154305,"glen valley (reclamation) surface water"
"Tapentadol","kps_psychoactive_substances_v2",1379321.86272363,"glen valley (recreational) surface water"
"Testolactone","kps_psychoactive_substances_v2",4804761.04700882,"palapye wwtp (eff) waste water"
"Testolactone","kps_psychoactive_substances_v2",5861415.72923294,"palapye wwtp surface water"
"Tetrahydrogestrinone","kps_psychoactive_substances_v2",3632712.78087593,"palapye wwtp surface water"
"Tetrahydrogestrinone","kps_psychoactive_substances_v2",454037.117725709,"kasane wwtp (main) surface water"
"Tetrazepam","kps_psychoactive_substances_v2",1229348.22411562,"palapye wwtp (eff) waste water"
"Tetrazepam","kps_psychoactive_substances_v2",1305405.06377276,"palapye wwtp surface water"
"Tetrazepam","kps_psychoactive_substances_v2",848978.156358666,"kasane wwtp (main) surface water"
"Tetrazepam","kps_psychoactive_substances_v2",133605.235272684,"maun beach (before) surface water"
"Tetrazepam","kps_psychoactive_substances_v2",1765031.23377839,"maun wwtp (main) waste water"
"Tetrazepam","kps_psychoactive_substances_v2",1790255.91260722,"glen valley (recreational) surface water"
"Thebacon","kps_psychoactive_substances_v2",1981655.96679042,"maun beach (after) surface water"
"Tilidine","kps_psychoactive_substances_v2",3029306.76979942,"lotsane dam surface water"
"Tilidine","kps_psychoactive_substances_v2",381089.130951499,"glen valley (recreational) surface water"
"Tramadol","kps_psychoactive_substances_v2",615126.080040686,"lecheng stream surface water"
"Tramadol","kps_psychoactive_substances_v2",4282858.77962193,"palapye wwtp (eff) waste water"
"Tramadol","kps_psychoactive_substances_v2",5635239.11418257,"palapye wwtp surface water"
"Tramadol","kps_psychoactive_substances_v2",527434.763841438,"lotsane dam surface water"
"Tramadol","kps_psychoactive_substances_v2",4227227.02329752,"francistown wwtp surface water"
"Tramadol","kps_psychoactive_substances_v2",1240592.99050392,"kasane wwtp (main) surface water"
"Tramadol","kps_psychoactive_substances_v2",7346433.00840029,"glen valley (reclamation) surface water"
"Tramadol","kps_psychoactive_substances_v2",4579353.86684155,"glen valley (recreational) surface water"
"Triazolam","kps_psychoactive_substances_v2",678261.77065846,"palapye wwtp (eff) waste water"
"Triazolam","kps_psychoactive_substances_v2",2065427.26629292,"francistown wwtp surface water"
"Triazolam","kps_psychoactive_substances_v2",4776126.68222153,"glen valley (reclamation) surface water"
"Triazolam","kps_psychoactive_substances_v2",1422381.43668572,"glen valley (recreational) surface water"
"Trimetazidine","kps_psychoactive_substances_v2",163726.317498474,"lecheng stream surface water"
"Trimetazidine","kps_psychoactive_substances_v2",352185.201587213,"lecheng spring surface water"
"Trimetazidine","kps_psychoactive_substances_v2",14521153.0761476,"palapye wwtp (eff) waste water"
"Trimetazidine","kps_psychoactive_substances_v2",18123263.8824567,"palapye wwtp surface water"
"Trimetazidine","kps_psychoactive_substances_v2",637379.881866075,"lotsane dam surface water"
"Trimetazidine","kps_psychoactive_substances_v2",27673705.7239246,"francistown wwtp surface water"
"Trimetazidine","kps_psychoactive_substances_v2",646904.205783713,"kasane wwtp (main) surface water"
"Trimetazidine","kps_psychoactive_substances_v2",1348751.5983268,"kasane (main) surface water"
"Trimetazidine","kps_psychoactive_substances_v2",1614972.80843599,"kasane (recreational) surface water"
"Trimetazidine","kps_psychoactive_substances_v2",410383.001265971,"maun beach (before) surface water"
"Trimetazidine","kps_psychoactive_substances_v2",1359223.74985042,"maun beach (after) surface water"
"Trimetazidine","kps_psychoactive_substances_v2",1722915.78272895,"maun wwtp (main) waste water"
"Trimetazidine","kps_psychoactive_substances_v2",5524860.15547273,"glen valley (reclamation) surface water"
"Trimetazidine","kps_psychoactive_substances_v2",6231342.34380997,"glen valley (recreational) surface water"
"URB-597","kps_psychoactive_substances_v2",1129134.66101536,"kasane wwtp (overflow) surface water"
"URB602","kps_psychoactive_substances_v2",1595110.38987335,"maun wwtp (main) waste water"
"Venlafaxine","kps_psychoactive_substances_v2",671389.183934635,"lecheng stream surface water"
"Venlafaxine","kps_psychoactive_substances_v2",957017.644703952,"palapye wwtp (eff) waste water"
"Venlafaxine","kps_psychoactive_substances_v2",230210.740547991,"lotsane dam surface water"
"Venlafaxine","kps_psychoactive_substances_v2",13869184.3578546,"francistown wwtp surface water"
"Venlafaxine","kps_psychoactive_substances_v2",521876.407247861,"kasane wwtp (main) surface water"
"Venlafaxine","kps_psychoactive_substances_v2",272499.874022239,"kasane (main) surface water"
"Venlafaxine","kps_psychoactive_substances_v2",296279.463919796,"kasane (recreational) surface water"
"Venlafaxine","kps_psychoactive_substances_v2",444214.528062265,"maun beach (before) surface water"
"Venlafaxine","kps_psychoactive_substances_v2",2600756.99669189,"maun beach (after) surface water"
"Venlafaxine","kps_psychoactive_substances_v2",4800634.33414295,"maun wwtp (main) waste water"
"Venlafaxine","kps_psychoactive_substances_v2",727620.678595496,"glen valley (reclamation) surface water"
"Venlafaxine","kps_psychoactive_substances_v2",1045805.48110867,"glen valley (recreational) surface water"
"Zopiclone","kps_psychoactive_substances_v2",1498274.67994446,"lecheng stream surface water"
"Zopiclone","kps_psychoactive_substances_v2",888562.032355204,"francistown wwtp surface water"
"alpha-pyrrolidinovalerophenone","kps_psychoactive_substances_v2",322739.170656111,"lecheng stream surface water"
"alpha-pyrrolidinovalerophenone","kps_psychoactive_substances_v2",934207.352978368,"lecheng spring surface water"
"alpha-pyrrolidinovalerophenone","kps_psychoactive_substances_v2",1431627.25953072,"palapye wwtp (eff) waste water"
"alpha-pyrrolidinovalerophenone","kps_psychoactive_substances_v2",1309829.63837148,"palapye wwtp surface water"
"alpha-pyrrolidinovalerophenone","kps_psychoactive_substances_v2",2391668.17517249,"lotsane dam surface water"
"alpha-pyrrolidinovalerophenone","kps_psychoactive_substances_v2",8513463.39665676,"francistown wwtp surface water"
"alpha-pyrrolidinovalerophenone","kps_psychoactive_substances_v2",2157527.43420279,"kasane wwtp (main) surface water"
"alpha-pyrrolidinovalerophenone","kps_psychoactive_substances_v2",4980162.14908077,"kasane (main) surface water"
"alpha-pyrrolidinovalerophenone","kps_psychoactive_substances_v2",4608118.8818548,"kasane (recreational) surface water"
"alpha-pyrrolidinovalerophenone","kps_psychoactive_substances_v2",1282924.95805495,"maun beach (before) surface water"
"alpha-pyrrolidinovalerophenone","kps_psychoactive_substances_v2",2368528.34735917,"maun beach (after) surface water"
"alpha-pyrrolidinovalerophenone","kps_psychoactive_substances_v2",5321806.80992819,"maun wwtp (main) waste water"
"alpha-pyrrolidinovalerophenone","kps_psychoactive_substances_v2",9964346.9595223,"glen valley (reclamation) surface water"
"alpha-pyrrolidinovalerophenone","kps_psychoactive_substances_v2",12150449.3625728,"glen valley (recreational) surface water"
"beta-Hydroxythiofentanyl","kps_psychoactive_substances_v2",759261.868556176,"kasane wwtp (overflow) surface water"
