"name","sample_location","mass_list_name","mean_area"
"(+)-ar-Turmerone","feedpump","mz_cloud",873217.33215188
"(+)-ar-Turmerone","newdry","mz_cloud",10255456.0496695
"(+)-ar-Turmerone","olddry","mz_cloud",7593422.11600101
"(+/-)-Cannabichromeorcin","centrin","mz_cloud",9741451.66820529
"(+/-)-Cannabichromeorcin","control","mz_cloud",1878173.76236341
"(+/-)-Cannabichromeorcin","feedpump","mz_cloud",8563350.28861379
"(+/-)-Cannabichromeorcin","mix","mz_cloud",14053569.5304173
"(+/-)-Cannabichromeorcin","newdry","mz_cloud",4350010.35425113
"(+/-)-Cannabichromeorcin","olddry","mz_cloud",4118610.38585115
"(+/-)5(6)-EET Ethanolamide","centrin","mz_cloud",38243241.4375373
"(+/-)5(6)-EET Ethanolamide","digesterC","mz_cloud",8416590.04692555
"(1R,4aS)-7-(2-Hydroxypropan-2-yl)-1,4a-dimethyl-9-oxo-3,4,10,10a-tetrahydro-2H-phenanthrene-1-carboxylic acid","centrin","mz_cloud",21111772.4237733
"(1R,4aS)-7-(2-Hydroxypropan-2-yl)-1,4a-dimethyl-9-oxo-3,4,10,10a-tetrahydro-2H-phenanthrene-1-carboxylic acid","digesterA","mz_cloud",19069672.0055596
"(1R,4aS)-7-(2-Hydroxypropan-2-yl)-1,4a-dimethyl-9-oxo-3,4,10,10a-tetrahydro-2H-phenanthrene-1-carboxylic acid","digesterB","mz_cloud",61059061.5382219
"(1R,4aS)-7-(2-Hydroxypropan-2-yl)-1,4a-dimethyl-9-oxo-3,4,10,10a-tetrahydro-2H-phenanthrene-1-carboxylic acid","digesterC","mz_cloud",32464428.8038197
"(1R,4aS)-7-(2-Hydroxypropan-2-yl)-1,4a-dimethyl-9-oxo-3,4,10,10a-tetrahydro-2H-phenanthrene-1-carboxylic acid","digesterD","mz_cloud",24599430.3865108
"(1R,4aS)-7-(2-Hydroxypropan-2-yl)-1,4a-dimethyl-9-oxo-3,4,10,10a-tetrahydro-2H-phenanthrene-1-carboxylic acid","feedpump","mz_cloud",9231694.2613766
"(1R,4aS)-7-(2-Hydroxypropan-2-yl)-1,4a-dimethyl-9-oxo-3,4,10,10a-tetrahydro-2H-phenanthrene-1-carboxylic acid","newdry","mz_cloud",23460278.6632311
"(1R,4aS)-7-(2-Hydroxypropan-2-yl)-1,4a-dimethyl-9-oxo-3,4,10,10a-tetrahydro-2H-phenanthrene-1-carboxylic acid","olddry","mz_cloud",23951595.51867
"(1S,4S,5R,10S,13S,17S,19S,20R)-10-hydroxy-4,5,9,9,13,19,20-heptamethyl-24-oxahexacyclo[15.5.2.0Âa,Âaâ¸.0â´,Âaâ·.0âµ,Âaâ´.0â¸,ÂaÂl]tetracos-15-en-23-one","centrin","mz_cloud",13971997.4448367
"(1S,4S,5R,10S,13S,17S,19S,20R)-10-hydroxy-4,5,9,9,13,19,20-heptamethyl-24-oxahexacyclo[15.5.2.0Âa,Âaâ¸.0â´,Âaâ·.0âµ,Âaâ´.0â¸,ÂaÂl]tetracos-15-en-23-one","digesterA","mz_cloud",22141052.2025619
"(1S,4S,5R,10S,13S,17S,19S,20R)-10-hydroxy-4,5,9,9,13,19,20-heptamethyl-24-oxahexacyclo[15.5.2.0Âa,Âaâ¸.0â´,Âaâ·.0âµ,Âaâ´.0â¸,ÂaÂl]tetracos-15-en-23-one","digesterB","mz_cloud",30835057.0366575
"(1S,4S,5R,10S,13S,17S,19S,20R)-10-hydroxy-4,5,9,9,13,19,20-heptamethyl-24-oxahexacyclo[15.5.2.0Âa,Âaâ¸.0â´,Âaâ·.0âµ,Âaâ´.0â¸,ÂaÂl]tetracos-15-en-23-one","digesterC","mz_cloud",20348904.4636025
"(1S,4S,5R,10S,13S,17S,19S,20R)-10-hydroxy-4,5,9,9,13,19,20-heptamethyl-24-oxahexacyclo[15.5.2.0Âa,Âaâ¸.0â´,Âaâ·.0âµ,Âaâ´.0â¸,ÂaÂl]tetracos-15-en-23-one","digesterD","mz_cloud",24727384.4312155
"(1S,4S,5R,10S,13S,17S,19S,20R)-10-hydroxy-4,5,9,9,13,19,20-heptamethyl-24-oxahexacyclo[15.5.2.0Âa,Âaâ¸.0â´,Âaâ·.0âµ,Âaâ´.0â¸,ÂaÂl]tetracos-15-en-23-one","feedpump","mz_cloud",6681823.05070649
"(1S,4S,5R,10S,13S,17S,19S,20R)-10-hydroxy-4,5,9,9,13,19,20-heptamethyl-24-oxahexacyclo[15.5.2.0Âa,Âaâ¸.0â´,Âaâ·.0âµ,Âaâ´.0â¸,ÂaÂl]tetracos-15-en-23-one","newdry","mz_cloud",27143164.5070127
"(1S,4S,5R,10S,13S,17S,19S,20R)-10-hydroxy-4,5,9,9,13,19,20-heptamethyl-24-oxahexacyclo[15.5.2.0Âa,Âaâ¸.0â´,Âaâ·.0âµ,Âaâ´.0â¸,ÂaÂl]tetracos-15-en-23-one","olddry","mz_cloud",12765307.8119313
"(2E,4E)-N-(2-methylpropyl)deca-2,4-dienamide","digesterA","mz_cloud",5806209.39323752
"(2E,4E)-N-(2-methylpropyl)deca-2,4-dienamide","digesterC","mz_cloud",4317155.07788455
"(2E,4E)-N-(2-methylpropyl)deca-2,4-dienamide","mix","mz_cloud",6117025.72106343
"(2E,4E)-N-(2-methylpropyl)dodeca-2,4-dienamide","control","mz_cloud",13330699.6925245
"(2E,4E)-N-(2-methylpropyl)dodeca-2,4-dienamide","mix","mz_cloud",9560236.022145
"(2E,6E)-10,11,15,19,23,27,31,35-Octahydroxy-3,7,11,15,19,23,27,31,35-nonamethyl-2,6-hexatriacontadien-1-yl hexopyranoside","control","mz_cloud",9261050.90551984
"(2R,5R,6R)-3-[(1E,3E)-hepta-1,3-dien-1-yl]-5,6-dihydroxy-2-(hydroxymethyl)cyclohexan-1-one","centrin","mz_cloud",8292410.99489305
"(2R,5R,6R)-3-[(1E,3E)-hepta-1,3-dien-1-yl]-5,6-dihydroxy-2-(hydroxymethyl)cyclohexan-1-one","control","mz_cloud",26233766.0055244
"(2R,5R,6R)-3-[(1E,3E)-hepta-1,3-dien-1-yl]-5,6-dihydroxy-2-(hydroxymethyl)cyclohexan-1-one","digesterC","mz_cloud",5840109.44470923
"(2R,5R,6R)-3-[(1E,3E)-hepta-1,3-dien-1-yl]-5,6-dihydroxy-2-(hydroxymethyl)cyclohexan-1-one","digesterD","mz_cloud",27710677.0519574
"(2R,5R,6R)-3-[(1E,3E)-hepta-1,3-dien-1-yl]-5,6-dihydroxy-2-(hydroxymethyl)cyclohexan-1-one","feedpump","mz_cloud",11814541.3847212
"(2R,5R,6R)-3-[(1E,3E)-hepta-1,3-dien-1-yl]-5,6-dihydroxy-2-(hydroxymethyl)cyclohexan-1-one","newdry","mz_cloud",24042443.0956465
"(2R,5R,6R)-3-[(1E,3E)-hepta-1,3-dien-1-yl]-5,6-dihydroxy-2-(hydroxymethyl)cyclohexan-1-one","olddry","mz_cloud",36976733.3862024
"(2S,3S)-2-[(1E,3S,4R)-3,4-dihydroxypent-1-en-1-yl]-6-oxo-3,6-dihydro-2H-pyran-3-yl (2E)-2-methylbut-2-enoate","control","mz_cloud",31570332.2402283
"(4-benzoylpiperidino)[4-(tert-butyl)phenyl]methanone","mix","mz_cloud",3283714.08182714
"1,2,2,6,6-Pentamethyl-4-piperidyl methacrylate","control","mz_cloud",11218026.1993683
"1,2,2,6,6-Pentamethyl-4-piperidyl methacrylate","feedpump","mz_cloud",6176373.85303154
"1,2,2,6,6-Pentamethyl-4-piperidyl methacrylate","mix","mz_cloud",6251767.8860586
"1,2,2,6,6-Pentamethyl-4-piperidyl methacrylate","olddry","mz_cloud",4939182.89038482
"1,3-Diphenylacetone","centrin","mz_cloud",4663664.03930933
"1,3-Diphenylacetone","control","mz_cloud",59943680.5881782
"1,3-Diphenylacetone","digesterB","mz_cloud",3717512.33812122
"1,3-Diphenylacetone","mix","mz_cloud",33188955.8827613
"1,4-dihydroxyheptadec-16-en-2-yl acetate","centrin","mz_cloud",5565623.50404017
"1,4-dihydroxyheptadec-16-en-2-yl acetate","digesterB","mz_cloud",4000222.06520204
"1,4-dihydroxyheptadec-16-en-2-yl acetate","digesterC","mz_cloud",6920783.9299904
"1,4-dihydroxyheptadec-16-en-2-yl acetate","digesterD","mz_cloud",6348075.22314036
"1,4-dihydroxyheptadec-16-en-2-yl acetate","feedpump","mz_cloud",5798539.58803281
"1,4-dihydroxyheptadec-16-en-2-yl acetate","newdry","mz_cloud",6327135.62222432
"1,4-dihydroxyheptadec-16-en-2-yl acetate","olddry","mz_cloud",9691692.84607157
"1-(piperidinomethyl)-2-naphthol","control","mz_cloud",7249795.20961999
"1-(piperidinomethyl)-2-naphthol","feedpump","mz_cloud",5990954.38046375
"1-Dodecyl-2-pyrrolidinone","centrin","mz_cloud",1839763938.33376
"1-Dodecyl-2-pyrrolidinone","control","mz_cloud",1511886884.0101
"1-Dodecyl-2-pyrrolidinone","digesterA","mz_cloud",1326748060.1014
"1-Dodecyl-2-pyrrolidinone","digesterB","mz_cloud",858758696.277102
"1-Dodecyl-2-pyrrolidinone","digesterC","mz_cloud",801452766.168362
"1-Dodecyl-2-pyrrolidinone","digesterD","mz_cloud",861543088.232838
"1-Dodecyl-2-pyrrolidinone","feedpump","mz_cloud",535216721.929229
"1-Dodecyl-2-pyrrolidinone","mix","mz_cloud",2056232384.94109
"1-Dodecyl-2-pyrrolidinone","newdry","mz_cloud",1155163547.89902
"1-Dodecyl-2-pyrrolidinone","olddry","mz_cloud",1288523058.79443
"1-Linoleoyl glycerol","centrin","mz_cloud",9973285.31454504
"1-Linoleoyl glycerol","digesterA","mz_cloud",8373135.95314277
"1-Linoleoyl glycerol","digesterB","mz_cloud",8027384.49660938
"1-Linoleoyl glycerol","feedpump","mz_cloud",8375116.7068566
"1-Linoleoyl glycerol","newdry","mz_cloud",6201015.0822685
"1-Naphthol","mix","mz_cloud",4514270.99789652
"1-Pentyl-1H-indole-3-carboxylic acid","centrin","mz_cloud",849344.506826716
"1-Pentyl-1H-indole-3-carboxylic acid","digesterB","mz_cloud",6104690.739974
"1-Pentyl-1H-indole-3-carboxylic acid","digesterC","mz_cloud",738627.590199529
"1-Pentyl-1H-indole-3-carboxylic acid","newdry","mz_cloud",6694790.46942359
"1-Pentyl-1H-indole-3-carboxylic acid","olddry","mz_cloud",5787570.30615941
"1-Tetradecylamine","centrin","mz_cloud",540388448.055986
"1-Tetradecylamine","control","mz_cloud",61768632.487806
"1-Tetradecylamine","digesterA","mz_cloud",367585371.489878
"1-Tetradecylamine","digesterB","mz_cloud",188916499.085562
"1-Tetradecylamine","digesterC","mz_cloud",810972852.396949
"1-Tetradecylamine","digesterD","mz_cloud",914261734.381226
"1-Tetradecylamine","feedpump","mz_cloud",5821540267.14111
"1-Tetradecylamine","mix","mz_cloud",201907021.400338
"1-Tetradecylamine","newdry","mz_cloud",635092750.302864
"1-Tetradecylamine","olddry","mz_cloud",207781914.622757
"1-[2-Hydroxy-3-(phenylthio)propyl]piperidine-4-carboxamide","mix","mz_cloud",1109440.34025034
"1-ethyl-4-(2-phenylethynyl)piperidin-4-ol","feedpump","mz_cloud",8927155.50637613
"10-HDA","control","mz_cloud",18589872.5460438
"10-HDA","digesterB","mz_cloud",4439270.40153845
"10-HDA","feedpump","mz_cloud",9785873.27523394
"10-HDA","mix","mz_cloud",4649195.96853958
"10-[(acetyloxy)methyl]-6-formyl-3-methylidene-2-oxo-2H,3H,3aH,4H,5H,8H,9H,11aH-cyclodeca[b]furan-4-yl 2-methylbutanoate","mix","mz_cloud",30984590.2460336
"11(Z),14(Z),17(Z)-Eicosatrienoic acid","feedpump","mz_cloud",25410406.9010097
"11,13-Dihydroxy-4-methyl-4,5,6,7,8,9-hexahydro-2H-3-benzoxacyclododecine-2,10(1H)-dione","centrin","mz_cloud",4883043.36582575
"11,13-Dihydroxy-4-methyl-4,5,6,7,8,9-hexahydro-2H-3-benzoxacyclododecine-2,10(1H)-dione","digesterD","mz_cloud",3155523.99568371
"11,13-Dihydroxy-4-methyl-4,5,6,7,8,9-hexahydro-2H-3-benzoxacyclododecine-2,10(1H)-dione","newdry","mz_cloud",5249775.7909185
"11,13-Dihydroxy-4-methyl-4,5,6,7,8,9-hexahydro-2H-3-benzoxacyclododecine-2,10(1H)-dione","olddry","mz_cloud",5615110.53034103
"12-Oxo phytodienoic acid","centrin","mz_cloud",2037143.48256959
"12-Oxo phytodienoic acid","digesterB","mz_cloud",3379819.42817739
"12-Oxo phytodienoic acid","feedpump","mz_cloud",9791165.23868497
"12-Oxo phytodienoic acid","newdry","mz_cloud",37877932.8287268
"13(S)-HOTrE","feedpump","mz_cloud",7957450.46583698
"15-Crown-5","newdry","mz_cloud",14459475.000104
"16-Heptadecyne-1,2,4-triol","centrin","mz_cloud",8104976.71876887
"16-Heptadecyne-1,2,4-triol","control","mz_cloud",6411203.618001
"16-Heptadecyne-1,2,4-triol","digesterA","mz_cloud",7429872.552785
"16-Heptadecyne-1,2,4-triol","digesterB","mz_cloud",5872746.74811895
"16-Heptadecyne-1,2,4-triol","feedpump","mz_cloud",5460489.91007626
"16-Heptadecyne-1,2,4-triol","newdry","mz_cloud",5126778.97432413
"16-Heptadecyne-1,2,4-triol","olddry","mz_cloud",5087321.0393814
"17α-Methyl-androstan-3-hydroxyimine-17β-ol","digesterA","mz_cloud",72845219.5418495
"17α-Methyl-androstan-3-hydroxyimine-17β-ol","digesterB","mz_cloud",20088444.4166573
"2,2,6,6-Tetramethyl-4-piperidinol","centrin","mz_cloud",19842517.738855
"2,2,6,6-Tetramethyl-4-piperidinol","control","mz_cloud",31680128.9896006
"2,2,6,6-Tetramethyl-4-piperidinol","digesterA","mz_cloud",27917020.3763964
"2,2,6,6-Tetramethyl-4-piperidinol","digesterB","mz_cloud",18288566.3766142
"2,2,6,6-Tetramethyl-4-piperidinol","digesterC","mz_cloud",17233508.4094781
"2,2,6,6-Tetramethyl-4-piperidinol","digesterD","mz_cloud",22249561.9570164
"2,2,6,6-Tetramethyl-4-piperidinol","feedpump","mz_cloud",23148936.6617528
"2,2,6,6-Tetramethyl-4-piperidinol","mix","mz_cloud",6458523.6509
"2,2,6,6-Tetramethyl-4-piperidinol","newdry","mz_cloud",10576121.6858293
"2,2,6,6-Tetramethyl-4-piperidinol","olddry","mz_cloud",25235796.4120699
"2,5-Anhydro-4,6-dideoxy-6-{[(1-methyl-1H-pyrazol-4-yl)carbonyl]amino}-4-(4-phenyl-1-piperazinyl)-D-galactitol","centrin","mz_cloud",9275192.36691307
"2,5-Anhydro-4,6-dideoxy-6-{[(1-methyl-1H-pyrazol-4-yl)carbonyl]amino}-4-(4-phenyl-1-piperazinyl)-D-galactitol","digesterB","mz_cloud",5711250.29594947
"2,5-Anhydro-4,6-dideoxy-6-{[(1-methyl-1H-pyrazol-4-yl)carbonyl]amino}-4-(4-phenyl-1-piperazinyl)-D-galactitol","digesterC","mz_cloud",6121892.67144204
"2-(1,3-benzodioxol-5-yl)-7-ethylimidazo[1,2-a]pyridine","digesterA","mz_cloud",4694601.11093566
"2-(8-Hydroxy-4a,8-dimethyldecahydro-2-naphthalenyl)acrylic acid","mix","mz_cloud",212273955.101166
"2-Aminooctadec-4-yne-1,3-diol","centrin","mz_cloud",3410550.20309703
"2-Aminooctadec-4-yne-1,3-diol","digesterC","mz_cloud",4138387.50214541
"2-Aminooctadec-4-yne-1,3-diol","digesterD","mz_cloud",4498194.54132718
"2-Aminooctadec-4-yne-1,3-diol","feedpump","mz_cloud",57532589.5672663
"2-Aminooctadec-4-yne-1,3-diol","mix","mz_cloud",2901072.96602995
"2-Aminooctadec-4-yne-1,3-diol","newdry","mz_cloud",10759786.8335095
"2-Aminooctadec-4-yne-1,3-diol","olddry","mz_cloud",4985818.01715335
"2-Arachidonoyl glycerol","digesterD","mz_cloud",6613917.13419146
"2-Ethyl-N-{4-[(2R,3R)-3-(hydroxymethyl)-5-oxo-2-morpholinyl]phenyl}butanamide","centrin","mz_cloud",39948401.817329
"2-Ethyl-N-{4-[(2R,3R)-3-(hydroxymethyl)-5-oxo-2-morpholinyl]phenyl}butanamide","digesterA","mz_cloud",58723526.5126447
"2-Ethyl-N-{4-[(2R,3R)-3-(hydroxymethyl)-5-oxo-2-morpholinyl]phenyl}butanamide","digesterB","mz_cloud",53616559.4411878
"2-Ethyl-N-{4-[(2R,3R)-3-(hydroxymethyl)-5-oxo-2-morpholinyl]phenyl}butanamide","digesterC","mz_cloud",73648860.1256003
"2-Ethyl-N-{4-[(2R,3R)-3-(hydroxymethyl)-5-oxo-2-morpholinyl]phenyl}butanamide","feedpump","mz_cloud",90585179.0245279
"2-Ethyl-N-{4-[(2R,3R)-3-(hydroxymethyl)-5-oxo-2-morpholinyl]phenyl}butanamide","newdry","mz_cloud",30786808.4721785
"2-Ethyl-N-{4-[(2R,3R)-3-(hydroxymethyl)-5-oxo-2-morpholinyl]phenyl}butanamide","olddry","mz_cloud",18654672.7791806
"2-Hydroxybenzothiazole","digesterA","mz_cloud",176288203.782019
"2-Hydroxybenzothiazole","digesterB","mz_cloud",34835677.4788354
"2-Methylbenzophenone","control","mz_cloud",1406439.38060648
"2-Methylbenzophenone","mix","mz_cloud",5137704.15808311
"2-[(3S)-1-(Cyclohexylmethyl)-3-pyrrolidinyl]-5-(1-methyl-1H-imidazol-5-yl)-1,3,4-oxadiazole","centrin","mz_cloud",23897510.4698943
"2-[(3S)-1-(Cyclohexylmethyl)-3-pyrrolidinyl]-5-(1-methyl-1H-imidazol-5-yl)-1,3,4-oxadiazole","control","mz_cloud",38506670.657534
"2-[(3S)-1-(Cyclohexylmethyl)-3-pyrrolidinyl]-5-(1-methyl-1H-imidazol-5-yl)-1,3,4-oxadiazole","digesterA","mz_cloud",6863535.76801352
"2-[(3S)-1-(Cyclohexylmethyl)-3-pyrrolidinyl]-5-(1-methyl-1H-imidazol-5-yl)-1,3,4-oxadiazole","digesterB","mz_cloud",46440617.1287272
"2-[(3S)-1-(Cyclohexylmethyl)-3-pyrrolidinyl]-5-(1-methyl-1H-imidazol-5-yl)-1,3,4-oxadiazole","digesterD","mz_cloud",35156125.8081411
"2-[(3S)-1-(Cyclohexylmethyl)-3-pyrrolidinyl]-5-(1-methyl-1H-imidazol-5-yl)-1,3,4-oxadiazole","feedpump","mz_cloud",14457767.4798825
"2-[(3S)-1-(Cyclohexylmethyl)-3-pyrrolidinyl]-5-(1-methyl-1H-imidazol-5-yl)-1,3,4-oxadiazole","mix","mz_cloud",26329641.8103345
"2-[(3S)-1-(Cyclohexylmethyl)-3-pyrrolidinyl]-5-(1-methyl-1H-imidazol-5-yl)-1,3,4-oxadiazole","newdry","mz_cloud",16401152.913635
"2-[(3S)-1-(Cyclohexylmethyl)-3-pyrrolidinyl]-5-(1-methyl-1H-imidazol-5-yl)-1,3,4-oxadiazole","olddry","mz_cloud",42659599.0849308
"2-[(3S)-1-(Cyclohexylmethyl)-3-pyrrolidinyl]-5-methoxy-1H-benzimidazole","digesterA","mz_cloud",15012205.9532436
"2-benzylideneindan-1-one","centrin","mz_cloud",29467699.2676996
"2-benzylideneindan-1-one","control","mz_cloud",54574590.4696116
"2-benzylideneindan-1-one","mix","mz_cloud",8609290.38716431
"2-piperidinobenzoic acid","mix","mz_cloud",28065810.7732075
"25iP-NBOMe","feedpump","mz_cloud",8181239.23845789
"3,3,5,5-Tetramethylpyrroline-N-oxide","control","mz_cloud",15220417.0511326
"3,3,5,5-Tetramethylpyrroline-N-oxide","digesterB","mz_cloud",2703263.98981794
"3,3,5,5-Tetramethylpyrroline-N-oxide","digesterD","mz_cloud",10493289.9597441
"3,3,5,5-Tetramethylpyrroline-N-oxide","feedpump","mz_cloud",14058583.168023
"3,3,5,5-Tetramethylpyrroline-N-oxide","mix","mz_cloud",11615994.0545784
"3,5-Dimethyl-1-phenylpyrazole","digesterC","mz_cloud",16887406.2882005
"3,5-Dimethyl-1-phenylpyrazole","digesterD","mz_cloud",17061566.4168146
"3,5-di-tert-Butyl-4-hydroxybenzaldehyde","centrin","mz_cloud",111896015.151052
"3,5-di-tert-Butyl-4-hydroxybenzaldehyde","control","mz_cloud",98415224.9256535
"3,5-di-tert-Butyl-4-hydroxybenzaldehyde","digesterB","mz_cloud",56838872.0039551
"3,5-di-tert-Butyl-4-hydroxybenzaldehyde","feedpump","mz_cloud",44950835.8878688
"3,5-di-tert-Butyl-4-hydroxybenzaldehyde","mix","mz_cloud",90629126.548328
"3,5-di-tert-Butyl-4-hydroxybenzaldehyde","olddry","mz_cloud",60906654.50444
"3-(3,4,5-trimethoxyphenyl)propanoic acid","digesterB","mz_cloud",22185120.2307653
"3-Carboxymedetomidine","centrin","mz_cloud",11539419.7661062
"3-Carboxymedetomidine","digesterB","mz_cloud",10417170.5715813
"3-Carboxymedetomidine","olddry","mz_cloud",7641399.55280989
"3-Hydroxycyclobenzaprine","digesterA","mz_cloud",21013931.3470751
"3-Hydroxycyclobenzaprine","digesterB","mz_cloud",28932192.8613686
"3-[(2H-1,3-benzodioxol-5-yl)methyl]-4-[(3,4-dimethoxyphenyl)methyl]oxolan-2-one","olddry","mz_cloud",2965509.67360398
"3-amino-2-phenyl-2H-pyrazolo[4,3-c]pyridine-4,6-diol","centrin","mz_cloud",12823767.2315003
"3-amino-2-phenyl-2H-pyrazolo[4,3-c]pyridine-4,6-diol","digesterC","mz_cloud",10306028.482012
"3-amino-2-phenyl-2H-pyrazolo[4,3-c]pyridine-4,6-diol","digesterD","mz_cloud",6435971.37427644
"3-amino-2-phenyl-2H-pyrazolo[4,3-c]pyridine-4,6-diol","feedpump","mz_cloud",51922416.4829675
"3-amino-2-phenyl-2H-pyrazolo[4,3-c]pyridine-4,6-diol","newdry","mz_cloud",16049973.4404969
"3-amino-2-phenyl-2H-pyrazolo[4,3-c]pyridine-4,6-diol","olddry","mz_cloud",15562035.1923221
"4'-Methyl-α-pyrrolidinopropiophenone","control","mz_cloud",17645030.5015062
"4'-Methyl-α-pyrrolidinopropiophenone","feedpump","mz_cloud",15261263.0758244
"4,4'-Sulfonylbis[2-(prop-2-en-1-yl)phenol]","olddry","mz_cloud",17417777.2667257
"4-Methoxy PV9","digesterA","mz_cloud",19600677.8466393
"4-[(6E)-3-Hydroxy-8,10-dimethyl-2-(methylamino)-6-dodecen-1-yl]phenol","centrin","mz_cloud",23747431.2667738
"4-[(6E)-3-Hydroxy-8,10-dimethyl-2-(methylamino)-6-dodecen-1-yl]phenol","digesterA","mz_cloud",26369883.6816593
"4-[(6E)-3-Hydroxy-8,10-dimethyl-2-(methylamino)-6-dodecen-1-yl]phenol","feedpump","mz_cloud",9836061.27087744
"4-[(6E)-3-Hydroxy-8,10-dimethyl-2-(methylamino)-6-dodecen-1-yl]phenol","newdry","mz_cloud",12890915.4900963
"4-[(6E)-3-Hydroxy-8,10-dimethyl-2-(methylamino)-6-dodecen-1-yl]phenol","olddry","mz_cloud",255856613.470628
"4-[3,5-di(tert-butyl)-1H-pyrazol-1-yl]benzoic acid","centrin","mz_cloud",502523.706349261
"4-[3,5-di(tert-butyl)-1H-pyrazol-1-yl]benzoic acid","digesterD","mz_cloud",479956.522757305
"4-[3,5-di(tert-butyl)-1H-pyrazol-1-yl]benzoic acid","newdry","mz_cloud",4023452.11516593
"4-[3,5-di(tert-butyl)-1H-pyrazol-1-yl]benzoic acid","olddry","mz_cloud",27116940.3084395
"4-amino-1-phenyl-6-(phenylimino)-1,2,5,6-tetrahydro-1,3,5-triazin-2-one","olddry","mz_cloud",9221559.57395578
"4-chloro-2-(1H-pyrazol-3-yl)phenol","centrin","mz_cloud",3030204.56651156
"4-chloro-2-(1H-pyrazol-3-yl)phenol","control","mz_cloud",761860.655759749
"4-chloro-2-(1H-pyrazol-3-yl)phenol","feedpump","mz_cloud",2577289.80523051
"4-chloro-2-(1H-pyrazol-3-yl)phenol","mix","mz_cloud",532929.083242723
"4-hydroxy-1-phenyl-1,2-dihydroquinolin-2-one","olddry","mz_cloud",7188610.76414287
"4-hydroxy-3-(3-methylbut-2-en-1-yl)benzoic acid","olddry","mz_cloud",2362619.46418481
"4-{5-[(3R,4S,6R)-6-(Aminomethyl)-1-azabicyclo[2.2.2]oct-3-yl]-1-methyl-1H-pyrazol-3-yl}-N,N-dimethylaniline","centrin","mz_cloud",4100501.3872794
"4-{5-[(3R,4S,6R)-6-(Aminomethyl)-1-azabicyclo[2.2.2]oct-3-yl]-1-methyl-1H-pyrazol-3-yl}-N,N-dimethylaniline","feedpump","mz_cloud",6199180.42366361
"4-{[(7-Isopropyl-1,4a-dimethyl-1,2,3,4,4a,9,10,10a-octahydrophenanthren-1-yl)methyl]amino}-4-oxobut-2-enoic acid","centrin","mz_cloud",3365942.57993632
"4-{[(7-Isopropyl-1,4a-dimethyl-1,2,3,4,4a,9,10,10a-octahydrophenanthren-1-yl)methyl]amino}-4-oxobut-2-enoic acid","digesterC","mz_cloud",6154049.09596882
"4-{[(7-Isopropyl-1,4a-dimethyl-1,2,3,4,4a,9,10,10a-octahydrophenanthren-1-yl)methyl]amino}-4-oxobut-2-enoic acid","feedpump","mz_cloud",12287812.4210255
"4-{[(7-Isopropyl-1,4a-dimethyl-1,2,3,4,4a,9,10,10a-octahydrophenanthren-1-yl)methyl]amino}-4-oxobut-2-enoic acid","newdry","mz_cloud",6593121.87945964
"4-{[(7-Isopropyl-1,4a-dimethyl-1,2,3,4,4a,9,10,10a-octahydrophenanthren-1-yl)methyl]amino}-4-oxobut-2-enoic acid","olddry","mz_cloud",6562968.56674359
"5(Z),8(Z),11(Z)-Eicosatrienoic acid methyl ester","centrin","mz_cloud",51137674.0070094
"5(Z),8(Z),11(Z)-Eicosatrienoic acid methyl ester","control","mz_cloud",1698294.24701269
"5(Z),8(Z),11(Z)-Eicosatrienoic acid methyl ester","digesterA","mz_cloud",37148096.2120638
"5(Z),8(Z),11(Z)-Eicosatrienoic acid methyl ester","digesterB","mz_cloud",124094879.125635
"5(Z),8(Z),11(Z)-Eicosatrienoic acid methyl ester","digesterC","mz_cloud",50642115.9392146
"5(Z),8(Z),11(Z)-Eicosatrienoic acid methyl ester","digesterD","mz_cloud",182137220.722198
"5(Z),8(Z),11(Z)-Eicosatrienoic acid methyl ester","feedpump","mz_cloud",150347962.890677
"5(Z),8(Z),11(Z)-Eicosatrienoic acid methyl ester","newdry","mz_cloud",26062748.7887799
"5(Z),8(Z),11(Z)-Eicosatrienoic acid methyl ester","olddry","mz_cloud",150294793.086984
"5-(1-Ethyl-3-methyl-1H-pyrazol-5-yl)-4-(3-methoxypropyl)-4H-1,2,4-triazole-3-thiol","control","mz_cloud",10122604.9258981
"5-(4-methylphenyl)-2-phenyl-6H-1,3-thiazin-6-one","centrin","mz_cloud",11287603.3972046
"5-(4-methylphenyl)-2-phenyl-6H-1,3-thiazin-6-one","digesterC","mz_cloud",16527065.5581043
"5-(4-methylphenyl)-2-phenyl-6H-1,3-thiazin-6-one","digesterD","mz_cloud",13316311.9509149
"5-(4-methylphenyl)-2-phenyl-6H-1,3-thiazin-6-one","newdry","mz_cloud",2248526.18468133
"5-(4-methylphenyl)-2-phenyl-6H-1,3-thiazin-6-one","olddry","mz_cloud",15248028.7214797
"5-(tert-butyl)-2-methyl-N-(4-nitrophenyl)-3-furamide","centrin","mz_cloud",7975312.84519056
"5-Methoxyindole","feedpump","mz_cloud",266042586.807002
"5-Methyl-2-[(3S)-1-(1-methyl-4-piperidinyl)-3-pyrrolidinyl]-1,3-benzoxazole","digesterD","mz_cloud",26983216.5882002
"5-Methyl-2-[(3S)-1-(1-methyl-4-piperidinyl)-3-pyrrolidinyl]-1,3-benzoxazole","newdry","mz_cloud",9399538.32484575
"5-Methyl-2-[(3S)-1-(1-methyl-4-piperidinyl)-3-pyrrolidinyl]-1,3-benzoxazole","olddry","mz_cloud",18463767.6843619
"5-[5-(methoxycarbonyl)-5,8a-dimethyl-2-methylidene-decahydronaphthalen-1-yl]-3-methylpentanoic acid","feedpump","mz_cloud",1493917.14500212
"5-hydroxy-2,2,6,6-tetramethyl-4-{2-methyl-1-[2,4,6-trihydroxy-3-(2-methylpropanoyl)phenyl]propyl}cyclohex-4-ene-1,3-dione","centrin","mz_cloud",4400676.29240015
"5-hydroxy-2,2,6,6-tetramethyl-4-{2-methyl-1-[2,4,6-trihydroxy-3-(2-methylpropanoyl)phenyl]propyl}cyclohex-4-ene-1,3-dione","digesterB","mz_cloud",46891720.6016268
"5-hydroxy-2,2,6,6-tetramethyl-4-{2-methyl-1-[2,4,6-trihydroxy-3-(2-methylpropanoyl)phenyl]propyl}cyclohex-4-ene-1,3-dione","digesterC","mz_cloud",12184489.5289434
"5-hydroxy-2,2,6,6-tetramethyl-4-{2-methyl-1-[2,4,6-trihydroxy-3-(2-methylpropanoyl)phenyl]propyl}cyclohex-4-ene-1,3-dione","digesterD","mz_cloud",6421137.93794329
"5-hydroxy-2,2,6,6-tetramethyl-4-{2-methyl-1-[2,4,6-trihydroxy-3-(2-methylpropanoyl)phenyl]propyl}cyclohex-4-ene-1,3-dione","newdry","mz_cloud",7782916.93351085
"5-hydroxy-2,2,6,6-tetramethyl-4-{2-methyl-1-[2,4,6-trihydroxy-3-(2-methylpropanoyl)phenyl]propyl}cyclohex-4-ene-1,3-dione","olddry","mz_cloud",8218896.58310507
"5α-Dihydrotestosterone glucuronide","control","mz_cloud",16450029.8766898
"5α-Dihydrotestosterone glucuronide","mix","mz_cloud",9808437.81205933
"6-(7-methyloctyl)-1H,3H,4H,6H-furo[3,4-c]furan-1-one","digesterD","mz_cloud",15232346.0269598
"6-Hexanoyl-D-erythro-sphingosine","digesterA","mz_cloud",4945654.91788521
"6-Hexanoyl-D-erythro-sphingosine","digesterB","mz_cloud",4555369.40774476
"6-Hexanoyl-D-erythro-sphingosine","digesterC","mz_cloud",7662369.20477431
"6-Hexanoyl-D-erythro-sphingosine","newdry","mz_cloud",7182594.1298857
"6-Hexanoyl-D-erythro-sphingosine","olddry","mz_cloud",6422605.84907438
"7-Hydroxycoumarine","centrin","mz_cloud",20964933.005631
"7-Hydroxycoumarine","control","mz_cloud",9641470.10098847
"7-Hydroxycoumarine","digesterC","mz_cloud",5930872.10649596
"7-Hydroxycoumarine","feedpump","mz_cloud",2959168.88033441
"7-Hydroxycoumarine","mix","mz_cloud",5577612.27913041
"7-Hydroxycoumarine","olddry","mz_cloud",4175790.94085834
"7-chloro-4-piperidinoquinoline","newdry","mz_cloud",969135.83696119
"7-{[(1S,4aS,6R,8aR)-6-Hydroxy-5,5,8a-trimethyl-2-methylenedecahydro-1-naphthalenyl]methoxy}-2H-chromen-2-one","mix","mz_cloud",2688295.021238
"8-{3-Oxo-2-[(2E)-2-penten-1-yl]-1-cyclopenten-1-yl}octanoic acid","centrin","mz_cloud",7574092.44278284
"8-{3-Oxo-2-[(2E)-2-penten-1-yl]-1-cyclopenten-1-yl}octanoic acid","digesterC","mz_cloud",51818811.1254544
"8-{3-Oxo-2-[(2E)-2-penten-1-yl]-1-cyclopenten-1-yl}octanoic acid","digesterD","mz_cloud",17083207.8118732
"8-{3-Oxo-2-[(2E)-2-penten-1-yl]-1-cyclopenten-1-yl}octanoic acid","feedpump","mz_cloud",18597782.3263663
"8-{3-Oxo-2-[(2E)-2-penten-1-yl]-1-cyclopenten-1-yl}octanoic acid","newdry","mz_cloud",38255456.2842878
"9-Oxo-10(E),12(E)-octadecadienoic acid","centrin","mz_cloud",3199807.31318725
"9-Oxo-10(E),12(E)-octadecadienoic acid","digesterC","mz_cloud",2754055.65002561
"9-Oxo-10(E),12(E)-octadecadienoic acid","feedpump","mz_cloud",68531315.4216382
"9-Oxo-10(E),12(E)-octadecadienoic acid","newdry","mz_cloud",7931965.57923636
"9H-Fluoren-4-yl(piperidino)methanone","centrin","mz_cloud",22371481.3166664
"9H-Fluoren-4-yl(piperidino)methanone","digesterA","mz_cloud",33028137.5187408
"9H-Fluoren-4-yl(piperidino)methanone","digesterB","mz_cloud",33905478.6178925
"9H-Fluoren-4-yl(piperidino)methanone","digesterC","mz_cloud",26269427.2788458
"9H-Fluoren-4-yl(piperidino)methanone","newdry","mz_cloud",26673365.7619483
"A-836339","centrin","mz_cloud",41984754.9348923
"A-836339","control","mz_cloud",14524344.8153579
"A-836339","digesterC","mz_cloud",6305932.13170445
"A-836339","feedpump","mz_cloud",7726692.9833177
"A-836339","mix","mz_cloud",35265715.6132193
"A-836339","olddry","mz_cloud",4249892.11821461
"Acetanilide","feedpump","mz_cloud",59427870.2699912
"Anandamide (AEA)","control","mz_cloud",6934622.97121894
"Anandamide (AEA)","digesterA","mz_cloud",1234226.58730759
"Arachidonoyl amide","centrin","mz_cloud",3054551.31522276
"Arachidonoyl amide","feedpump","mz_cloud",10224649.1026309
"Arachidonoyl amide","mix","mz_cloud",3916748.05901314
"Benoxacor","feedpump","mz_cloud",6335306.94970488
"Benzenesulfonamide","centrin","mz_cloud",7545070.00231713
"Benzenesulfonamide","control","mz_cloud",57072933.1100981
"Berberine","centrin","mz_cloud",80792699.1784094
"Berberine","digesterA","mz_cloud",47173012.3963251
"Berberine","digesterB","mz_cloud",65071872.1771085
"Berberine","feedpump","mz_cloud",81341717.153208
"Berberine","newdry","mz_cloud",116333097.102012
"Berberine","olddry","mz_cloud",186552959.713994
"Bis(2-ethylhexyl) amine","centrin","mz_cloud",1051721561.88166
"Bis(2-ethylhexyl) amine","control","mz_cloud",85114548.2015846
"Bis(2-ethylhexyl) amine","digesterA","mz_cloud",206487729.047441
"Bis(2-ethylhexyl) amine","digesterB","mz_cloud",225845502.770015
"Bis(2-ethylhexyl) amine","digesterC","mz_cloud",1386858646.17744
"Bis(2-ethylhexyl) amine","digesterD","mz_cloud",1914569370.06768
"Bis(2-ethylhexyl) amine","feedpump","mz_cloud",7440771321.63603
"Bis(2-ethylhexyl) amine","mix","mz_cloud",78622741.1615057
"Bis(2-ethylhexyl) amine","newdry","mz_cloud",904519866.783522
"Bis(2-ethylhexyl) amine","olddry","mz_cloud",194794697.710469
"Boldenone cypionate","olddry","mz_cloud",75121199.4071134
"Buflomedil","control","mz_cloud",10350521.394189
"Buflomedil","mix","mz_cloud",7401399.31316972
"Butyryl trihexyl citrate","digesterA","mz_cloud",10574904.1016336
"CB-86","centrin","mz_cloud",9704857.49472721
"CB-86","digesterB","mz_cloud",2956951.57559372
"CB-86","digesterC","mz_cloud",18764119.3822028
"CB-86","digesterD","mz_cloud",12311823.580992
"CB-86","newdry","mz_cloud",18740795.5008875
"CB-86","olddry","mz_cloud",24026534.6835431
"Cetaben","newdry","mz_cloud",6077172.9785583
"Cetrimonium","centrin","mz_cloud",980353335.610462
"Cetrimonium","control","mz_cloud",105112056.994566
"Cetrimonium","digesterA","mz_cloud",3005890456.14847
"Cetrimonium","digesterB","mz_cloud",2275999860.90273
"Cetrimonium","digesterC","mz_cloud",1414209613.9374
"Cetrimonium","digesterD","mz_cloud",1481881179.15432
"Cetrimonium","feedpump","mz_cloud",1207750875.351
"Cetrimonium","mix","mz_cloud",57582279.5565798
"Cetrimonium","newdry","mz_cloud",1680530684.85587
"Cetrimonium","olddry","mz_cloud",2472758504.81078
"Chalcone","mix","mz_cloud",557919.822037286
"Cinchophen","centrin","mz_cloud",134729780.995623
"Cinchophen","digesterA","mz_cloud",180773360.365776
"Cinchophen","digesterB","mz_cloud",151058836.574126
"Cinchophen","digesterC","mz_cloud",223449411.322114
"Cinchophen","digesterD","mz_cloud",164661776.123074
"Cinchophen","feedpump","mz_cloud",54305825.9853762
"Cinchophen","newdry","mz_cloud",288896524.285214
"Cinchophen","olddry","mz_cloud",259781739.006265
"Clopidogrel carboxylic acid","centrin","mz_cloud",12526786.6913754
"Clopidogrel carboxylic acid","digesterA","mz_cloud",11208546.9164403
"Clopidogrel carboxylic acid","digesterC","mz_cloud",22001064.0502589
"Cyclohexyl phenyl ketone","centrin","mz_cloud",16640062.3392194
"Cyclohexyl phenyl ketone","digesterA","mz_cloud",26235407.989085
"Cyclohexyl phenyl ketone","digesterB","mz_cloud",36546106.8709288
"Cyclohexyl phenyl ketone","digesterC","mz_cloud",21498249.8869337
"Cyclohexyl phenyl ketone","digesterD","mz_cloud",20630719.6143358
"Cyclohexyl phenyl ketone","newdry","mz_cloud",17217084.1407488
"Cyclohexyl phenyl ketone","olddry","mz_cloud",18269256.5720982
"Decanamide","centrin","mz_cloud",11254370.0288224
"Decanamide","control","mz_cloud",14293958.5176152
"Decanamide","digesterB","mz_cloud",6808099.48420983
"Decanamide","digesterC","mz_cloud",4167742.97781196
"Decanamide","digesterD","mz_cloud",7318044.05803596
"Decanamide","feedpump","mz_cloud",7827687.25548164
"Decanamide","mix","mz_cloud",44680933.4684543
"Decanamide","olddry","mz_cloud",2830662.86088749
"Decanophenone","control","mz_cloud",5342283.07387937
"Decanophenone","olddry","mz_cloud",5168198.65260164
"Deoxynivalenol","control","mz_cloud",4516994.28896181
"Desacetyl diltiazem","centrin","mz_cloud",9294594.16026913
"Desacetyl diltiazem","feedpump","mz_cloud",21465340.7528191
"Desacetyl diltiazem","olddry","mz_cloud",36156780.0385052
"Deschloro-N-ethyl-ketamine","control","mz_cloud",9081194.89523148
"Desmethyldoxepin","mix","mz_cloud",4681187.46900112
"Detomidine","digesterB","mz_cloud",18200566.4688685
"Dibutyl phthalate","centrin","mz_cloud",6880782.37748459
"Dibutyl phthalate","digesterB","mz_cloud",4733411.27367627
"Dibutyl phthalate","digesterD","mz_cloud",6334740.565849
"Dibutyl phthalate","feedpump","mz_cloud",30627779.6414742
"Dibutyl phthalate","mix","mz_cloud",13318479.2273519
"Dibutyl phthalate","newdry","mz_cloud",6427268.21747023
"Dibutyl phthalate","olddry","mz_cloud",7262313.34566437
"Diclofensine","centrin","mz_cloud",13773879.8205184
"Diclofensine","digesterC","mz_cloud",16218978.7265605
"Diclofensine","newdry","mz_cloud",578934.013147449
"Didecyl phthalate","centrin","mz_cloud",19015549.8059745
"Didecyl phthalate","digesterA","mz_cloud",35863046.3069629
"Didecyl phthalate","digesterB","mz_cloud",50946849.7727334
"Didecyl phthalate","digesterC","mz_cloud",14648837.0307257
"Didecyl phthalate","feedpump","mz_cloud",36031323.430626
"Didecyl phthalate","olddry","mz_cloud",16879811.9804771
"Didecyldimethylammonium","centrin","mz_cloud",1022688877.01422
"Didecyldimethylammonium","control","mz_cloud",168633043.719498
"Didecyldimethylammonium","digesterA","mz_cloud",3110368604.07781
"Didecyldimethylammonium","digesterB","mz_cloud",2098818778.87151
"Didecyldimethylammonium","digesterC","mz_cloud",1660996758.30995
"Didecyldimethylammonium","digesterD","mz_cloud",1900392862.61241
"Didecyldimethylammonium","feedpump","mz_cloud",1819748635.23708
"Didecyldimethylammonium","mix","mz_cloud",151443728.495412
"Didecyldimethylammonium","newdry","mz_cloud",2032744964.76562
"Didecyldimethylammonium","olddry","mz_cloud",1905665569.13935
"Diethyl maleate","control","mz_cloud",10247861.0937245
"Diethyl maleate","feedpump","mz_cloud",36167346.6906579
"Diethyl maleate","mix","mz_cloud",16290946.1902082
"Dihexylamine","digesterA","mz_cloud",7137551.89228359
"Dihexylamine","digesterB","mz_cloud",5018811.95469785
"Dihexylamine","feedpump","mz_cloud",31247994.447704
"Dihexylamine","newdry","mz_cloud",16807847.2900192
"Diisobutyl adipate","centrin","mz_cloud",444593.302290399
"Diisobutyl adipate","control","mz_cloud",17243188.0340397
"Diisobutyl adipate","digesterA","mz_cloud",3296202.45879731
"Diisobutyl adipate","feedpump","mz_cloud",6689302.74746297
"Diisobutyl adipate","mix","mz_cloud",2794780.81163126
"Diisobutyl adipate","olddry","mz_cloud",2675370.17058922
"Docosahexaenoic acid ethyl ester","centrin","mz_cloud",68496169.3394325
"Docosahexaenoic acid ethyl ester","digesterA","mz_cloud",7485599.69316445
"Docosahexaenoic acid ethyl ester","digesterB","mz_cloud",16288648.9687586
"Docosahexaenoic acid ethyl ester","digesterC","mz_cloud",111231948.045308
"Docosahexaenoic acid ethyl ester","digesterD","mz_cloud",144539565.169156
"Docosahexaenoic acid ethyl ester","feedpump","mz_cloud",438475923.669576
"Docosahexaenoic acid ethyl ester","newdry","mz_cloud",75822309.6916584
"Docosahexaenoic acid ethyl ester","olddry","mz_cloud",22146626.3459655
"Docosanamide","centrin","mz_cloud",11220472.5702359
"Docosanamide","digesterA","mz_cloud",7632867.03818573
"Docosanamide","digesterB","mz_cloud",14971884.4571112
"Docosanamide","digesterC","mz_cloud",6501540.50109796
"Docosanamide","digesterD","mz_cloud",9755033.07735763
"Docosanamide","feedpump","mz_cloud",10760404.2446994
"Docosanamide","newdry","mz_cloud",18011688.5514225
"Docosanamide","olddry","mz_cloud",6363829.87259062
"Dodecyltrimethylammonium","centrin","mz_cloud",682632830.285648
"Dodecyltrimethylammonium","control","mz_cloud",22513375.0021462
"Dodecyltrimethylammonium","digesterA","mz_cloud",83010889.2660129
"Dodecyltrimethylammonium","digesterB","mz_cloud",58365516.6027137
"Dodecyltrimethylammonium","digesterC","mz_cloud",592003848.100091
"Dodecyltrimethylammonium","digesterD","mz_cloud",1500612545.4877
"Dodecyltrimethylammonium","feedpump","mz_cloud",1550790723.695
"Dodecyltrimethylammonium","mix","mz_cloud",33517501.459979
"Dodecyltrimethylammonium","newdry","mz_cloud",409560374.345918
"Dodecyltrimethylammonium","olddry","mz_cloud",97161455.1615884
"Dodine","centrin","mz_cloud",11345446.5850298
"Dodine","feedpump","mz_cloud",18787956.0911084
"Erucamide","centrin","mz_cloud",9781803.73203254
"Erucamide","control","mz_cloud",10376159.6388049
"Erucamide","digesterA","mz_cloud",9400755.57492357
"Erucamide","digesterB","mz_cloud",11381766.5490185
"Erucamide","digesterC","mz_cloud",11765621.2749628
"Erucamide","feedpump","mz_cloud",30074918.5988956
"Erucamide","mix","mz_cloud",10665271.3678831
"Erucamide","newdry","mz_cloud",7933933.38114745
"Erucamide","olddry","mz_cloud",5495555.89478598
"Esculetin","centrin","mz_cloud",4999919.96293798
"Esculetin","digesterA","mz_cloud",3198137.06596151
"Esculetin","digesterC","mz_cloud",4591154.12112491
"Esculetin","digesterD","mz_cloud",4117675.02240792
"Esculetin","newdry","mz_cloud",5036784.99326015
"Ethyl 2-acetyloctanoate","control","mz_cloud",6832045.18007951
"Ethyl 2-acetyloctanoate","mix","mz_cloud",9909187.26897086
"Ethyl-2-amino-1-cyclohexene-1-carboxylate","control","mz_cloud",35527696.9478501
"Ethyl-2-amino-1-cyclohexene-1-carboxylate","digesterB","mz_cloud",16167422.200765
"Ethyl-2-amino-1-cyclohexene-1-carboxylate","digesterD","mz_cloud",34564181.7223632
"Ethyl-2-amino-1-cyclohexene-1-carboxylate","feedpump","mz_cloud",30390056.5092784
"Ethyl-2-amino-1-cyclohexene-1-carboxylate","mix","mz_cloud",23522457.0612633
"Ethyl-2-amino-1-cyclohexene-1-carboxylate","newdry","mz_cloud",10919315.4326376
"Ethyl-2-amino-1-cyclohexene-1-carboxylate","olddry","mz_cloud",8587893.07895035
"Fenbendazole","centrin","mz_cloud",6253549.659627
"Fenbendazole","feedpump","mz_cloud",8552070.03465361
"Fenbendazole","newdry","mz_cloud",910239.163707714
"Fenbendazole","olddry","mz_cloud",12635427.412426
"Gentian violet","centrin","mz_cloud",38452574.5459104
"Gentian violet","control","mz_cloud",5340616.5930919
"Gentian violet","digesterA","mz_cloud",112298419.476397
"Gentian violet","digesterB","mz_cloud",9359290.14851746
"Gentian violet","digesterC","mz_cloud",31701911.2962887
"Gentian violet","digesterD","mz_cloud",35456932.4256799
"Gentian violet","feedpump","mz_cloud",152728119.645423
"Gentian violet","newdry","mz_cloud",93499020.2115944
"Gentian violet","olddry","mz_cloud",12218617.468109
"Glycerophospho-N-palmitoyl ethanolamine","digesterC","mz_cloud",2838670.09705764
"Glycerophospho-N-palmitoyl ethanolamine","olddry","mz_cloud",6714928.86696703
"Hexadecanamide","centrin","mz_cloud",1785031008.45385
"Hexadecanamide","control","mz_cloud",1585129066.24165
"Hexadecanamide","digesterA","mz_cloud",1751854272.54302
"Hexadecanamide","digesterB","mz_cloud",1246706427.71188
"Hexadecanamide","digesterC","mz_cloud",918056009.23637
"Hexadecanamide","digesterD","mz_cloud",1112739387.61586
"Hexadecanamide","feedpump","mz_cloud",1082677074.73676
"Hexadecanamide","mix","mz_cloud",2151453375.84695
"Hexadecanamide","newdry","mz_cloud",1368035911.09008
"Hexadecanamide","olddry","mz_cloud",1705590416.61955
"Indole-3-acetic acid","feedpump","mz_cloud",30453502.5738397
"Indole-3-acetic acid","newdry","mz_cloud",11879402.3906139
"Indole-3-acrylic acid","olddry","mz_cloud",49571363.0472328
"Isobornyl methacrylate","mix","mz_cloud",379745.133507384
"Jasmone","control","mz_cloud",3505527.60816589
"Jasmone","mix","mz_cloud",8345074.02671973
"Jervine","olddry","mz_cloud",106483173.264906
"Laurolactam","centrin","mz_cloud",45357043.471286
"Laurolactam","control","mz_cloud",109576571.147251
"Laurolactam","digesterA","mz_cloud",48098207.8440294
"Laurolactam","digesterB","mz_cloud",32729646.4827518
"Laurolactam","digesterC","mz_cloud",39992383.8556093
"Laurolactam","digesterD","mz_cloud",23425874.3323721
"Laurolactam","feedpump","mz_cloud",51209037.6775516
"Laurolactam","mix","mz_cloud",83340972.3042404
"Laurolactam","newdry","mz_cloud",62902878.080748
"Laurolactam","olddry","mz_cloud",151591629.127307
"Linoleoyl ethanolamide","feedpump","mz_cloud",19130710.4594671
"Meperidine-d5","centrin","mz_cloud",9352426.29789842
"Meperidine-d5","digesterD","mz_cloud",11917549.560062
"Methanandamide","centrin","mz_cloud",17029776.6585507
"Methanandamide","digesterA","mz_cloud",20914961.3742519
"Methanandamide","digesterB","mz_cloud",22977232.0558231
"Methanandamide","digesterC","mz_cloud",14056217.4699091
"Methanandamide","digesterD","mz_cloud",14597237.7629141
"Methanandamide","newdry","mz_cloud",63919180.3695657
"Methanandamide","olddry","mz_cloud",66050244.4989124
"Methyl 3,5-di-tert-butyl-4-hydroxybenzoate","control","mz_cloud",5884705.61707879
"Methyl 3,5-di-tert-butyl-4-hydroxybenzoate","feedpump","mz_cloud",5926938.54289757
"Methyl 3,5-di-tert-butyl-4-hydroxybenzoate","mix","mz_cloud",4895294.45007765
"Methyl Violet","centrin","mz_cloud",29422941.1451188
"Methyl Violet","digesterA","mz_cloud",6787918.17927042
"Methyl Violet","digesterB","mz_cloud",3684671.89893156
"Methyl Violet","digesterC","mz_cloud",36740636.9565282
"Methyl Violet","digesterD","mz_cloud",34844919.6685015
"Methyl Violet","feedpump","mz_cloud",136094168.257741
"Methyl Violet","newdry","mz_cloud",54289781.2181866
"Methyl Violet","olddry","mz_cloud",18624005.8521046
"N'-(2-chlorobenzoyl)-N,N-dimethylhydrazonoformamide","mix","mz_cloud",12909531.2604934
"N,N'-Dicyclohexylurea","digesterA","mz_cloud",8725376.63471526
"N,N-Diethyldodecanamide","centrin","mz_cloud",9185102.9326399
"N,N-Diethyldodecanamide","digesterC","mz_cloud",10178600.440847
"N,N-Diethyldodecanamide","digesterD","mz_cloud",16723533.5950632
"N,N-Diethyldodecanamide","feedpump","mz_cloud",70892542.8898412
"N,N-Diethyldodecanamide","newdry","mz_cloud",11593658.6619944
"N,N-Dimethyldecylamine N-oxide","control","mz_cloud",18703069.2113901
"N,N-Dimethyldecylamine N-oxide","mix","mz_cloud",12738444.777477
"N,N-Dimethylsphingosine","centrin","mz_cloud",4005291.02005722
"N,N-Dimethylsphingosine","digesterA","mz_cloud",8679871.48895869
"N,N-Dimethylsphingosine","digesterB","mz_cloud",7513821.47376718
"N,N-Dimethylsphingosine","digesterC","mz_cloud",5826014.71427997
"N,N-Dimethylsphingosine","feedpump","mz_cloud",17812156.4031381
"N,N-Dimethylsphingosine","newdry","mz_cloud",8484612.64068961
"N,N-Dimethylsphingosine","olddry","mz_cloud",60997364.1370384
"N-(9-oxodecyl)acetamide","control","mz_cloud",12480683.0399537
"N-Acetylsphingosine","centrin","mz_cloud",4422637.67466576
"N-Acetylsphingosine","digesterA","mz_cloud",6946824.90898716
"N-Acetylsphingosine","digesterB","mz_cloud",30599386.8233285
"N-Acetylsphingosine","digesterC","mz_cloud",8141873.50853803
"N-Acetylsphingosine","feedpump","mz_cloud",7979660.97306744
"N-Acetylsphingosine","newdry","mz_cloud",3145408.78910674
"N-Acetylsphingosine","olddry","mz_cloud",8200822.21023351
"N-Benzyl-2-[(3R,4S)-3-{[5-(methoxymethyl)-1,2-oxazol-3-yl]methyl}-4-piperidinyl]-N-methylacetamide","centrin","mz_cloud",14890500.6989091
"N-Benzyl-2-[(3R,4S)-3-{[5-(methoxymethyl)-1,2-oxazol-3-yl]methyl}-4-piperidinyl]-N-methylacetamide","digesterC","mz_cloud",9906380.01597275
"N-Benzyl-2-[(3R,4S)-3-{[5-(methoxymethyl)-1,2-oxazol-3-yl]methyl}-4-piperidinyl]-N-methylacetamide","digesterD","mz_cloud",9752883.03769592
"N-Benzyl-2-[(3R,4S)-3-{[5-(methoxymethyl)-1,2-oxazol-3-yl]methyl}-4-piperidinyl]-N-methylacetamide","feedpump","mz_cloud",13095913.1465041
"N-Benzyl-2-[(3R,4S)-3-{[5-(methoxymethyl)-1,2-oxazol-3-yl]methyl}-4-piperidinyl]-N-methylacetamide","newdry","mz_cloud",11023655.8356566
"N-Benzyl-2-[(3R,4S)-3-{[5-(methoxymethyl)-1,2-oxazol-3-yl]methyl}-4-piperidinyl]-N-methylacetamide","olddry","mz_cloud",40381522.874679
"N-Butylbenzenesulfonamide","centrin","mz_cloud",40186531.0955067
"N-Butylbenzenesulfonamide","control","mz_cloud",96077292.7926622
"N-Butylbenzenesulfonamide","digesterA","mz_cloud",87264816.0000814
"N-Butylbenzenesulfonamide","digesterC","mz_cloud",30528192.6400935
"N-Butylbenzenesulfonamide","digesterD","mz_cloud",38536700.9874324
"N-Butylbenzenesulfonamide","feedpump","mz_cloud",37917367.5042869
"N-Butylbenzenesulfonamide","mix","mz_cloud",45148193.3662823
"N-Butylbenzenesulfonamide","newdry","mz_cloud",21881653.9646081
"N-Butylbenzenesulfonamide","olddry","mz_cloud",60657144.3869932
"N-Desmethyl-loperamide","newdry","mz_cloud",1427034.19189089
"N-Methyldioctylamine","centrin","mz_cloud",171701373.258384
"N-Methyldioctylamine","control","mz_cloud",17916097.3319119
"N-Methyldioctylamine","digesterA","mz_cloud",59130388.9477824
"N-Methyldioctylamine","digesterB","mz_cloud",7475556.38553541
"N-Methyldioctylamine","digesterC","mz_cloud",297613842.992911
"N-Methyldioctylamine","digesterD","mz_cloud",538904423.154534
"N-Methyldioctylamine","feedpump","mz_cloud",760909777.191936
"N-Methyldioctylamine","newdry","mz_cloud",208312080.513966
"N-Methyldioctylamine","olddry","mz_cloud",27534473.5863361
"N-Octyl-2-pyrrolidone","control","mz_cloud",16947429.6881107
"N-Octyl-2-pyrrolidone","digesterA","mz_cloud",5340270.91991526
"N-[1,1'-Biphenyl]-4-ylacetamide","olddry","mz_cloud",9667018.52200409
"N-cyclooctylurea","centrin","mz_cloud",52973053.7772555
"N-cyclooctylurea","control","mz_cloud",51002164.2540419
"N-cyclooctylurea","digesterA","mz_cloud",53521071.7986079
"N-cyclooctylurea","digesterB","mz_cloud",55107029.0314967
"N-cyclooctylurea","digesterC","mz_cloud",50356795.7327027
"N-cyclooctylurea","digesterD","mz_cloud",48961269.0276042
"N-cyclooctylurea","feedpump","mz_cloud",89212870.8604846
"N-cyclooctylurea","mix","mz_cloud",37570628.7535361
"N-cyclooctylurea","newdry","mz_cloud",49439887.6909234
"N-cyclooctylurea","olddry","mz_cloud",56235661.8836782
"N1-bicyclo[2.2.2]oct-2-ylbenzamide","control","mz_cloud",14983226.2946635
"N1-bicyclo[2.2.2]oct-2-ylbenzamide","feedpump","mz_cloud",16108215.3462155
"NP-001928","feedpump","mz_cloud",12922890.9176102
"NP-002954","olddry","mz_cloud",201977104.784394
"NP-003692","centrin","mz_cloud",13360391.1017626
"NP-003692","digesterA","mz_cloud",18880459.6590352
"NP-003692","digesterB","mz_cloud",17034104.3866727
"NP-003692","digesterC","mz_cloud",15360750.926815
"NP-003692","digesterD","mz_cloud",11997346.088789
"NP-003692","newdry","mz_cloud",17247477.0919687
"NP-005397","control","mz_cloud",173359625.415796
"NP-005397","feedpump","mz_cloud",18972965.4498477
"NP-005397","mix","mz_cloud",106310560.983922
"NP-005982","centrin","mz_cloud",58034750.6803023
"NP-005982","digesterC","mz_cloud",15036197.2935963
"NP-005982","digesterD","mz_cloud",7999608.33461094
"NP-006888","control","mz_cloud",4395429.11875064
"NP-006888","feedpump","mz_cloud",7292518.07460753
"NP-008095","centrin","mz_cloud",15284959.1586301
"NP-008095","control","mz_cloud",11727713.8681325
"NP-008095","digesterA","mz_cloud",21022307.4673145
"NP-008095","digesterB","mz_cloud",16640837.055295
"NP-008095","feedpump","mz_cloud",27604146.6724137
"NP-008095","mix","mz_cloud",26603028.6884553
"NP-008095","olddry","mz_cloud",2256175.37410528
"NP-008993","centrin","mz_cloud",8291276.08736394
"NP-008993","control","mz_cloud",28491068.8866405
"NP-008993","digesterA","mz_cloud",12087890.8906358
"NP-008993","digesterB","mz_cloud",8230102.15707298
"NP-008993","digesterC","mz_cloud",6290378.351469
"NP-008993","digesterD","mz_cloud",7231870.16547309
"NP-008993","feedpump","mz_cloud",11350323.1816743
"NP-008993","mix","mz_cloud",13684515.6159523
"NP-008993","newdry","mz_cloud",8068152.27669276
"NP-008993","olddry","mz_cloud",8579446.49364457
"NP-009800","centrin","mz_cloud",409017610.011168
"NP-009800","digesterC","mz_cloud",8327705.04035906
"NP-009800","digesterD","mz_cloud",7560700.70656975
"NP-009800","newdry","mz_cloud",6152756.69370206
"NP-015559","centrin","mz_cloud",6561040.51438983
"NP-015559","digesterA","mz_cloud",8566388.00817174
"NP-015559","digesterB","mz_cloud",12111595.0197114
"NP-015559","digesterC","mz_cloud",6253841.5800241
"NP-015559","digesterD","mz_cloud",5742240.46036836
"NP-015559","feedpump","mz_cloud",9116641.74075656
"NP-015559","newdry","mz_cloud",11048040.7954612
"NP-015559","olddry","mz_cloud",16744927.8269592
"NP-016582","centrin","mz_cloud",20481457.7581461
"NP-016582","digesterA","mz_cloud",59739919.4343068
"NP-016582","digesterB","mz_cloud",95031316.3091455
"NP-016582","digesterC","mz_cloud",33588527.2238314
"NP-016582","feedpump","mz_cloud",19847346.4285661
"NP-016582","newdry","mz_cloud",27778321.1365842
"NP-016582","olddry","mz_cloud",33488315.4750949
"NP-017176","digesterA","mz_cloud",17200424.3866892
"NP-017624","mix","mz_cloud",3086807.64941237
"NP-017871","olddry","mz_cloud",14456517.7597396
"NP-018817","control","mz_cloud",11200229.2450269
"NP-018817","feedpump","mz_cloud",7863915.54261962
"NP-018817","mix","mz_cloud",32384530.6007187
"NP-020112","centrin","mz_cloud",5626248.45806659
"NP-020112","digesterA","mz_cloud",6516178.99561956
"NP-020112","digesterB","mz_cloud",12301454.6301811
"NP-020112","digesterD","mz_cloud",11720067.6521005
"NP-020112","feedpump","mz_cloud",24473934.8504948
"NP-020112","newdry","mz_cloud",5537510.70468774
"NP-020112","olddry","mz_cloud",7067710.26191608
"NP-020232","olddry","mz_cloud",14513695.5177079
"NP-021797","mix","mz_cloud",4071947.66095895
"NP-022229","centrin","mz_cloud",226586548.314083
"NP-022229","digesterA","mz_cloud",74047294.7816883
"NP-022229","digesterB","mz_cloud",57906985.6430488
"NP-022229","digesterC","mz_cloud",315008238.803814
"NP-022229","digesterD","mz_cloud",314418125.83872
"NP-022229","feedpump","mz_cloud",195243893.238453
"NP-022229","newdry","mz_cloud",20410892.3639503
"NP-022229","olddry","mz_cloud",35106693.442982
"NP-022474","control","mz_cloud",6407468.92908061
"Nonyltrimethylammonium","centrin","mz_cloud",72920336.0317188
"Nonyltrimethylammonium","digesterA","mz_cloud",838747.955138149
"Nonyltrimethylammonium","digesterB","mz_cloud",4681049.94445969
"Nonyltrimethylammonium","digesterC","mz_cloud",52629195.9567447
"Nonyltrimethylammonium","digesterD","mz_cloud",183025348.458601
"Nonyltrimethylammonium","feedpump","mz_cloud",459383805.698574
"Nonyltrimethylammonium","newdry","mz_cloud",26614215.8904217
"Nonyltrimethylammonium","olddry","mz_cloud",4336007.0366907
"Nootkatone","centrin","mz_cloud",2990813.173844
"Nootkatone","control","mz_cloud",15267461.8611705
"Nootkatone","digesterA","mz_cloud",6602604.37303627
"Nootkatone","digesterB","mz_cloud",4863469.62521348
"Nootkatone","digesterC","mz_cloud",6573686.75958333
"Nootkatone","feedpump","mz_cloud",10387316.9006749
"Nootkatone","mix","mz_cloud",14316083.5254604
"Nootkatone","newdry","mz_cloud",5625622.3848872
"Nootkatone","olddry","mz_cloud",13329293.1346475
"Noroxycodone-d3","centrin","mz_cloud",8470541.24187539
"Noroxycodone-d3","digesterA","mz_cloud",17202009.1873742
"Noroxycodone-d3","digesterB","mz_cloud",13094126.8098422
"Noroxycodone-d3","digesterC","mz_cloud",17507727.8657215
"Noroxycodone-d3","digesterD","mz_cloud",14645173.4183137
"Noroxycodone-d3","feedpump","mz_cloud",10634406.6701512
"Noroxycodone-d3","mix","mz_cloud",8115747.41059187
"Noroxycodone-d3","newdry","mz_cloud",54346666.3040633
"Noroxycodone-d3","olddry","mz_cloud",6161844.27771394
"O-Arachidonoyl ethanolamine","centrin","mz_cloud",1619887080.4696
"O-Arachidonoyl ethanolamine","control","mz_cloud",131508603.773911
"O-Arachidonoyl ethanolamine","digesterA","mz_cloud",45542252.6023985
"O-Arachidonoyl ethanolamine","digesterB","mz_cloud",40079917.9929385
"O-Arachidonoyl ethanolamine","digesterC","mz_cloud",47205909.2578667
"O-Arachidonoyl ethanolamine","digesterD","mz_cloud",2962962253.5367
"O-Arachidonoyl ethanolamine","feedpump","mz_cloud",2328127.61793447
"O-Arachidonoyl ethanolamine","mix","mz_cloud",97753638.7680639
"O-Arachidonoyl ethanolamine","newdry","mz_cloud",107608477.124789
"O-Arachidonoyl ethanolamine","olddry","mz_cloud",5354082.03235003
"Octadecanamine","centrin","mz_cloud",241774735.305771
"Octadecanamine","control","mz_cloud",130027996.848642
"Octadecanamine","digesterA","mz_cloud",63752606.7100351
"Octadecanamine","digesterB","mz_cloud",51762725.5825095
"Octadecanamine","digesterC","mz_cloud",451247712.928046
"Octadecanamine","digesterD","mz_cloud",829132827.679328
"Octadecanamine","feedpump","mz_cloud",959640454.326645
"Octadecanamine","mix","mz_cloud",1775596.38297247
"Octadecanamine","newdry","mz_cloud",387512329.981707
"Octadecanamine","olddry","mz_cloud",209883884.985924
"Oleoyl ethanolamide","centrin","mz_cloud",6386211.91930844
"Oleoyl ethanolamide","digesterC","mz_cloud",7321442.87083002
"Oleoyl ethanolamide","digesterD","mz_cloud",8816913.80080809
"Oleoyl ethanolamide","feedpump","mz_cloud",36864555.3576013
"Oleoyl ethanolamide","newdry","mz_cloud",7427251.1498314
"Oleoyl ethanolamide","olddry","mz_cloud",8511431.89864124
"Oxyphenonium","feedpump","mz_cloud",6694418.27057332
"Oxyphenonium","newdry","mz_cloud",5624519.27739329
"PEG Monolaurate n5","centrin","mz_cloud",15185990.4941438
"PEG Monolaurate n5","digesterD","mz_cloud",19991013.9836932
"PEG Monolaurate n5","feedpump","mz_cloud",69223684.8817406
"PEG Monolaurate n5","newdry","mz_cloud",14250508.7467787
"PEG Monolaurate n6","feedpump","mz_cloud",17985868.4923827
"PEG Monolaurate n6","newdry","mz_cloud",4768882.83814282
"PEG n8","digesterD","mz_cloud",14795973.36914
"PEG n8","newdry","mz_cloud",11925618.9934258
"PPG n10","centrin","mz_cloud",186915063.249928
"PPG n10","digesterA","mz_cloud",178674817.472968
"PPG n10","digesterB","mz_cloud",300811506.379024
"PPG n10","digesterC","mz_cloud",231720058.788669
"PPG n10","digesterD","mz_cloud",165823800.595165
"PPG n10","newdry","mz_cloud",151954820.662662
"PPG n7","centrin","mz_cloud",305656477.665892
"PPG n7","digesterA","mz_cloud",344551821.118234
"PPG n7","digesterB","mz_cloud",343513216.921893
"PPG n7","digesterC","mz_cloud",349224600.300531
"PPG n7","digesterD","mz_cloud",269911145.684966
"PPG n7","feedpump","mz_cloud",160332704.177642
"PPG n7","newdry","mz_cloud",116194587.805163
"PPG n8","centrin","mz_cloud",114427953.084111
"PPG n8","digesterA","mz_cloud",106397979.651495
"PPG n8","digesterB","mz_cloud",118026473.827533
"PPG n8","digesterC","mz_cloud",53061897.9843139
"PPG n8","digesterD","mz_cloud",61825269.0532746
"PPG n8","feedpump","mz_cloud",17434021.2264781
"PPG n8","newdry","mz_cloud",36105911.0650089
"PPG n8","olddry","mz_cloud",34813383.0249909
"PPG n9","centrin","mz_cloud",199411528.491522
"PPG n9","digesterA","mz_cloud",134100424.415195
"PPG n9","digesterB","mz_cloud",118590694.458956
"PPG n9","digesterC","mz_cloud",215285997.814926
"PPG n9","digesterD","mz_cloud",153030478.371524
"PPG n9","feedpump","mz_cloud",70297084.9664813
"Palmitelaidic acid methyl ester","centrin","mz_cloud",16975758.8574957
"Palmitelaidic acid methyl ester","digesterD","mz_cloud",5052742.45585812
"Palmitelaidic acid methyl ester","feedpump","mz_cloud",9091682.82352242
"Palmitelaidic acid methyl ester","newdry","mz_cloud",5690649.15720312
"Palmitoylcarnitine","centrin","mz_cloud",2633506.64862624
"Palmitoylcarnitine","digesterB","mz_cloud",6545418.03512428
"Palmitoylcarnitine","digesterC","mz_cloud",3932743.70305958
"Palmitoylcarnitine","feedpump","mz_cloud",5359834.17428119
"Palmitoylcarnitine","newdry","mz_cloud",3165020.47591206
"Palmitoylcarnitine","olddry","mz_cloud",5443907.33607058
"Poly THF n5","mix","mz_cloud",19556294.833109
"Poly THF n7","centrin","mz_cloud",36084099.1741461
"Poly THF n7","digesterA","mz_cloud",20633499.9092972
"Poly THF n7","digesterB","mz_cloud",22659775.320603
"Poly THF n7","digesterC","mz_cloud",25174583.7972964
"Poly THF n7","digesterD","mz_cloud",28665458.0995076
"Poly THF n7","feedpump","mz_cloud",261369550.388016
"Poly THF n7","newdry","mz_cloud",31693436.0151707
"Poly THF n7","olddry","mz_cloud",19803553.1124571
"Poly THF n8","centrin","mz_cloud",606637807.313608
"Poly THF n8","digesterA","mz_cloud",192722344.731209
"Poly THF n8","digesterD","mz_cloud",669654193.384505
"Poly THF n8","feedpump","mz_cloud",696026759.382352
"Poly THF n8","newdry","mz_cloud",461530373.138274
"Poly THF n8","olddry","mz_cloud",165977887.747708
"Propiconazole","olddry","mz_cloud",5077287.21218351
"Psychosine","olddry","mz_cloud",18357476.3083428
"R-Palmitoyl-(2-methyl) ethanolamide","centrin","mz_cloud",8933939.80819364
"R-Palmitoyl-(2-methyl) ethanolamide","control","mz_cloud",2893632.67195042
"R-Palmitoyl-(2-methyl) ethanolamide","digesterA","mz_cloud",35557823.7353529
"R-Palmitoyl-(2-methyl) ethanolamide","digesterB","mz_cloud",56025935.4215749
"R-Palmitoyl-(2-methyl) ethanolamide","digesterC","mz_cloud",9474735.307061
"R-Palmitoyl-(2-methyl) ethanolamide","digesterD","mz_cloud",10426322.3904278
"R-Palmitoyl-(2-methyl) ethanolamide","feedpump","mz_cloud",29482464.8706956
"R-Palmitoyl-(2-methyl) ethanolamide","mix","mz_cloud",3779875.61469161
"R-Palmitoyl-(2-methyl) ethanolamide","newdry","mz_cloud",13567055.1268819
"R-Palmitoyl-(2-methyl) ethanolamide","olddry","mz_cloud",28604169.37592
"Resmethrin","newdry","mz_cloud",15681044.5730288
"Rhodamine 6G","centrin","mz_cloud",24522686.2088541
"Rhodamine 6G","digesterA","mz_cloud",57090194.970729
"Rhodamine 6G","digesterB","mz_cloud",53496851.8824661
"Rhodamine 6G","digesterC","mz_cloud",43152335.9471646
"Rhodamine 6G","digesterD","mz_cloud",34582695.228021
"Rhodamine 6G","feedpump","mz_cloud",53271246.2146118
"Rhodamine 6G","newdry","mz_cloud",93381279.4405188
"Rhodamine 6G","olddry","mz_cloud",31501157.7176188
"Skatole","feedpump","mz_cloud",206897789.540326
"Solanidine","centrin","mz_cloud",1209469911.00051
"Solanidine","digesterA","mz_cloud",493293304.631131
"Solanidine","digesterB","mz_cloud",585509344.533757
"Solanidine","digesterC","mz_cloud",1278517587.98436
"Solanidine","digesterD","mz_cloud",717321336.884848
"Solanidine","feedpump","mz_cloud",92026564.0153614
"Solanidine","newdry","mz_cloud",529399146.410631
"Solanidine","olddry","mz_cloud",321464248.278785
"Spiroxamine","centrin","mz_cloud",5699481.53541281
"Spiroxamine","digesterC","mz_cloud",14282351.582444
"Spiroxamine","digesterD","mz_cloud",10955857.8095003
"Stearamide","centrin","mz_cloud",429443699.159988
"Stearamide","control","mz_cloud",220432476.22268
"Stearamide","digesterA","mz_cloud",623422650.58523
"Stearamide","digesterB","mz_cloud",429698854.933176
"Stearamide","digesterC","mz_cloud",166456228.212167
"Stearamide","digesterD","mz_cloud",302423234.140599
"Stearamide","feedpump","mz_cloud",479674936.481254
"Stearamide","mix","mz_cloud",523611089.32959
"Stearamide","newdry","mz_cloud",317461376.404667
"Stearamide","olddry","mz_cloud",452272257.573359
"Stearoyl ethanolamide","centrin","mz_cloud",180716584.24095
"Stearoyl ethanolamide","control","mz_cloud",3445931.86575755
"Stearoyl ethanolamide","digesterA","mz_cloud",247684653.867999
"Stearoyl ethanolamide","digesterB","mz_cloud",218750037.196106
"Stearoyl ethanolamide","digesterC","mz_cloud",148510532.84103
"Stearoyl ethanolamide","digesterD","mz_cloud",206102853.056596
"Stearoyl ethanolamide","feedpump","mz_cloud",198029402.161765
"Stearoyl ethanolamide","mix","mz_cloud",3002161.16532319
"Stearoyl ethanolamide","newdry","mz_cloud",180112048.956843
"Stearoyl ethanolamide","olddry","mz_cloud",93037920.2461972
"Tebuconazole","newdry","mz_cloud",888646.679720715
"Tomatidine","centrin","mz_cloud",86674089.6967455
"Tomatidine","digesterA","mz_cloud",47042821.8388639
"Tomatidine","digesterB","mz_cloud",951178.927417007
"Tomatidine","digesterC","mz_cloud",84692168.6312215
"Tomatidine","digesterD","mz_cloud",81604572.7238465
"Tomatidine","feedpump","mz_cloud",7946226.96506754
"Tomatidine","newdry","mz_cloud",68679799.9018963
"Tomatidine","olddry","mz_cloud",11476384.8402914
"Tri-o-Cresyl phosphate","centrin","mz_cloud",4315746.28323885
"Tri-o-Cresyl phosphate","newdry","mz_cloud",7970076.21998704
"Tridemorph","centrin","mz_cloud",2986382.35691507
"Tridemorph","digesterA","mz_cloud",1704646.88041295
"Tridemorph","digesterB","mz_cloud",5420268.42853774
"Tridemorph","digesterC","mz_cloud",68416437.956813
"Tridemorph","digesterD","mz_cloud",55023927.4898259
"Tridemorph","feedpump","mz_cloud",54410645.5011619
"Tridemorph","mix","mz_cloud",10466183.8735932
"Tridemorph","newdry","mz_cloud",3209857.1163453
"Tridemorph","olddry","mz_cloud",73844217.4252212
"Triphenyl phosphate","centrin","mz_cloud",7133910.93570109
"Triphenyl phosphate","control","mz_cloud",12057218.4008097
"Triphenyl phosphate","digesterA","mz_cloud",5044899.14783814
"Triphenyl phosphate","digesterC","mz_cloud",3008568.15789341
"Triphenyl phosphate","digesterD","mz_cloud",4854719.56128558
"Triphenyl phosphate","feedpump","mz_cloud",61217007.2016354
"Triphenyl phosphate","mix","mz_cloud",2423153.65100713
"Triphenyl phosphate","newdry","mz_cloud",4069275.55494918
"Triphenyl phosphate","olddry","mz_cloud",10126633.9776915
"Tris(2-butoxyethyl) phosphate","centrin","mz_cloud",18444575.9028924
"Tris(2-butoxyethyl) phosphate","control","mz_cloud",48687460.7895361
"Tris(2-butoxyethyl) phosphate","digesterA","mz_cloud",34018598.3089911
"Tris(2-butoxyethyl) phosphate","digesterB","mz_cloud",39891686.166501
"Tris(2-butoxyethyl) phosphate","digesterC","mz_cloud",21948844.0065228
"Tris(2-butoxyethyl) phosphate","digesterD","mz_cloud",26486509.8325513
"Tris(2-butoxyethyl) phosphate","feedpump","mz_cloud",33997021.6767809
"Tris(2-butoxyethyl) phosphate","newdry","mz_cloud",28649729.248582
"Tris(2-butoxyethyl) phosphate","olddry","mz_cloud",14512549.6696878
"Veratramine","olddry","mz_cloud",25290318.571853
"Xanthohumol","centrin","mz_cloud",2667273.39943425
"Xanthohumol","digesterA","mz_cloud",25922843.2059315
"Xanthohumol","digesterB","mz_cloud",23302524.8790001
"Xanthohumol","digesterC","mz_cloud",3120809.81141209
"Xanthohumol","digesterD","mz_cloud",34565158.3404246
"Xanthohumol","feedpump","mz_cloud",2887531.88489639
"Xanthohumol","newdry","mz_cloud",3396480.51913674
"Xanthohumol","olddry","mz_cloud",3291536.15619938
"[(2R,2'S,4'aS,5'R,5''S,6'R,8'aS)-2'-(acetyloxy)-5''-(furan-3-yl)-6'-methyl-2'',8'-dioxo-octahydrodispiro[oxirane-2,1'-naphthalene-5',3''-oxolane]-8'a-yl]methyl acetate","centrin","mz_cloud",5313420.97666007
"[(2R,2'S,4'aS,5'R,5''S,6'R,8'aS)-2'-(acetyloxy)-5''-(furan-3-yl)-6'-methyl-2'',8'-dioxo-octahydrodispiro[oxirane-2,1'-naphthalene-5',3''-oxolane]-8'a-yl]methyl acetate","control","mz_cloud",26392749.5431512
"[(2R,2'S,4'aS,5'R,5''S,6'R,8'aS)-2'-(acetyloxy)-5''-(furan-3-yl)-6'-methyl-2'',8'-dioxo-octahydrodispiro[oxirane-2,1'-naphthalene-5',3''-oxolane]-8'a-yl]methyl acetate","mix","mz_cloud",140383387.988145
"[3,2-c]Pyrazole-androst-4-en-17β-ol","control","mz_cloud",23478096.5441993
"[3,2-c]Pyrazole-androst-4-en-17β-ol","olddry","mz_cloud",6351274.69037825
"[5-(2-thienyl)-3-isoxazolyl]methanol","centrin","mz_cloud",16563319.014645
"[5-(2-thienyl)-3-isoxazolyl]methanol","digesterA","mz_cloud",30793643.3383039
"[5-(2-thienyl)-3-isoxazolyl]methanol","digesterC","mz_cloud",23070512.5210708
"[5-(2-thienyl)-3-isoxazolyl]methanol","digesterD","mz_cloud",17146534.4139087
"[5-(2-thienyl)-3-isoxazolyl]methanol","newdry","mz_cloud",24372673.9768977
"[5-(2-thienyl)-3-isoxazolyl]methanol","olddry","mz_cloud",15762824.0725472
"cis-12-Octadecenoic acid methyl ester","centrin","mz_cloud",9138635.85389894
"cis-12-Octadecenoic acid methyl ester","digesterD","mz_cloud",7067796.79067509
"cis-12-Octadecenoic acid methyl ester","feedpump","mz_cloud",49555439.2612973
"cis-12-Octadecenoic acid methyl ester","newdry","mz_cloud",3246447.97329461
"cis-12-Octadecenoic acid methyl ester","olddry","mz_cloud",7964041.54221981
"ethyl 1-[4-(tert-butyl)phenyl]-5-cyano-4-methyl-6-oxo-1,6-dihydropyridazine-3-carboxylate","digesterB","mz_cloud",7774337.01417331
"ethyl 3-amino-1-[6-(4-methylpiperidino)pyridazin-3-yl]-1H-pyrazole-4-carboxylate","centrin","mz_cloud",5185685.3752627
"ethyl 3-amino-1-[6-(4-methylpiperidino)pyridazin-3-yl]-1H-pyrazole-4-carboxylate","control","mz_cloud",89910959.0607194
"ethyl 3-amino-1-[6-(4-methylpiperidino)pyridazin-3-yl]-1H-pyrazole-4-carboxylate","mix","mz_cloud",99034485.6165709
"mesityl (4-methylphenyl) sulfone","centrin","mz_cloud",35772031.6353367
"mesityl (4-methylphenyl) sulfone","digesterA","mz_cloud",29639303.5535702
"mesityl (4-methylphenyl) sulfone","digesterB","mz_cloud",18495626.3781958
"mesityl (4-methylphenyl) sulfone","digesterC","mz_cloud",17796694.534088
"mesityl (4-methylphenyl) sulfone","digesterD","mz_cloud",18527797.5641828
"mesityl (4-methylphenyl) sulfone","newdry","mz_cloud",3489637.54409835
"mesityl (4-methylphenyl) sulfone","olddry","mz_cloud",43343904.5151333
"{2-[(3S)-3-(1-Methyl-1H-benzimidazol-2-yl)-1-pyrrolidinyl]-2-oxoethoxy}acetic acid","olddry","mz_cloud",16533864.420007
